{"count":1831,"next":"https://swarfarm.com/api/v2/monsters/?page=17","previous":"https://swarfarm.com/api/v2/monsters/?page=15","results":[{"id":1516,"url":"https://swarfarm.com/api/v2/monsters/1516/","bestiary_slug":"120215-dark-tower","com2us_id":120215,"family_id":100000,"name":"Tower","image_filename":"unit_icon_0008_4_3.png","element":"Dark","archetype":"none","base_stars":1,"natural_stars":1,"obtainable":false,"can_awaken":false,"awaken_level":0,"awaken_bonus":"","skills":[2265],"skill_ups_to_max":0,"leader_skill":null,"homunculus_skills":[],"base_hp":1200,"base_attack":80,"base_defense":80,"speed":110,"crit_rate":15,"crit_damage":50,"resistance":15,"accuracy":0,"raw_hp":40,"raw_attack":40,"raw_defense":40,"max_lvl_hp":6585,"max_lvl_attack":439,"max_lvl_defense":439,"awakens_from":null,"awakens_to":null,"awaken_cost":[],"source":[],"fusion_food":false,"homunculus":false,"craft_cost":null,"craft_materials":[]},{"id":1517,"url":"https://swarfarm.com/api/v2/monsters/1517/","bestiary_slug":"120301-water-tower","com2us_id":120301,"family_id":100000,"name":"Tower","image_filename":"unit_icon_0008_0_3.png","element":"Water","archetype":"none","base_stars":1,"natural_stars":1,"obtainable":false,"can_awaken":false,"awaken_level":0,"awaken_bonus":"","skills":[2266],"skill_ups_to_max":0,"leader_skill":null,"homunculus_skills":[],"base_hp":1200,"base_attack":80,"base_defense":80,"speed":110,"crit_rate":15,"crit_damage":50,"resistance":15,"accuracy":0,"raw_hp":40,"raw_attack":40,"raw_defense":40,"max_lvl_hp":6585,"max_lvl_attack":439,"max_lvl_defense":439,"awakens_from":null,"awakens_to":null,"awaken_cost":[],"source":[],"fusion_food":false,"homunculus":false,"craft_cost":null,"craft_materials":[]},{"id":1518,"url":"https://swarfarm.com/api/v2/monsters/1518/","bestiary_slug":"120302-fire-tower","com2us_id":120302,"family_id":100000,"name":"Tower","image_filename":"unit_icon_0008_1_3.png","element":"Fire","archetype":"none","base_stars":1,"natural_stars":1,"obtainable":false,"can_awaken":false,"awaken_level":0,"awaken_bonus":"","skills":[2267],"skill_ups_to_max":0,"leader_skill":null,"homunculus_skills":[],"base_hp":1200,"base_attack":80,"base_defense":80,"speed":110,"crit_rate":15,"crit_damage":50,"resistance":15,"accuracy":0,"raw_hp":40,"raw_attack":40,"raw_defense":40,"max_lvl_hp":6585,"max_lvl_attack":439,"max_lvl_defense":439,"awakens_from":null,"awakens_to":null,"awaken_cost":[],"source":[],"fusion_food":false,"homunculus":false,"craft_cost":null,"craft_materials":[]},{"id":1519,"url":"https://swarfarm.com/api/v2/monsters/1519/","bestiary_slug":"120303-wind-tower","com2us_id":120303,"family_id":100000,"name":"Tower","image_filename":"unit_icon_0008_2_3.png","element":"Wind","archetype":"none","base_stars":1,"natural_stars":1,"obtainable":false,"can_awaken":false,"awaken_level":0,"awaken_bonus":"","skills":[2268],"skill_ups_to_max":0,"leader_skill":null,"homunculus_skills":[],"base_hp":1200,"base_attack":80,"base_defense":80,"speed":110,"crit_rate":15,"crit_damage":50,"resistance":15,"accuracy":0,"raw_hp":40,"raw_attack":40,"raw_defense":40,"max_lvl_hp":6585,"max_lvl_attack":439,"max_lvl_defense":439,"awakens_from":null,"awakens_to":null,"awaken_cost":[],"source":[],"fusion_food":false,"homunculus":false,"craft_cost":null,"craft_materials":[]},{"id":1520,"url":"https://swarfarm.com/api/v2/monsters/1520/","bestiary_slug":"120304-light-tower","com2us_id":120304,"family_id":100000,"name":"Tower","image_filename":"unit_icon_0008_3_3.png","element":"Light","archetype":"none","base_stars":1,"natural_stars":1,"obtainable":false,"can_awaken":false,"awaken_level":0,"awaken_bonus":"","skills":[2269],"skill_ups_to_max":0,"leader_skill":null,"homunculus_skills":[],"base_hp":1200,"base_attack":80,"base_defense":80,"speed":110,"crit_rate":15,"crit_damage":50,"resistance":15,"accuracy":0,"raw_hp":40,"raw_attack":40,"raw_defense":40,"max_lvl_hp":6585,"max_lvl_attack":439,"max_lvl_defense":439,"awakens_from":null,"awakens_to":null,"awaken_cost":[],"source":[],"fusion_food":false,"homunculus":false,"craft_cost":null,"craft_materials":[]},{"id":1521,"url":"https://swarfarm.com/api/v2/monsters/1521/","bestiary_slug":"120305-dark-tower","com2us_id":120305,"family_id":100000,"name":"Tower","image_filename":"unit_icon_0008_4_3.png","element":"Dark","archetype":"none","base_stars":1,"natural_stars":1,"obtainable":false,"can_awaken":false,"awaken_level":0,"awaken_bonus":"","skills":[2270],"skill_ups_to_max":0,"leader_skill":null,"homunculus_skills":[],"base_hp":1200,"base_attack":80,"base_defense":80,"speed":110,"crit_rate":15,"crit_damage":50,"resistance":15,"accuracy":0,"raw_hp":40,"raw_attack":40,"raw_defense":40,"max_lvl_hp":6585,"max_lvl_attack":439,"max_lvl_defense":439,"awakens_from":null,"awakens_to":null,"awaken_cost":[],"source":[],"fusion_food":false,"homunculus":false,"craft_cost":null,"craft_materials":[]},{"id":1522,"url":"https://swarfarm.com/api/v2/monsters/1522/","bestiary_slug":"120311-water-tower","com2us_id":120311,"family_id":100000,"name":"Tower","image_filename":"unit_icon_0008_0_3.png","element":"Water","archetype":"none","base_stars":1,"natural_stars":1,"obtainable":false,"can_awaken":false,"awaken_level":0,"awaken_bonus":"","skills":[2271],"skill_ups_to_max":0,"leader_skill":null,"homunculus_skills":[],"base_hp":1200,"base_attack":80,"base_defense":80,"speed":110,"crit_rate":15,"crit_damage":50,"resistance":15,"accuracy":0,"raw_hp":40,"raw_attack":40,"raw_defense":40,"max_lvl_hp":6585,"max_lvl_attack":439,"max_lvl_defense":439,"awakens_from":null,"awakens_to":null,"awaken_cost":[],"source":[],"fusion_food":false,"homunculus":false,"craft_cost":null,"craft_materials":[]},{"id":1523,"url":"https://swarfarm.com/api/v2/monsters/1523/","bestiary_slug":"120312-fire-tower","com2us_id":120312,"family_id":100000,"name":"Tower","image_filename":"unit_icon_0008_1_3.png","element":"Fire","archetype":"none","base_stars":1,"natural_stars":1,"obtainable":false,"can_awaken":false,"awaken_level":0,"awaken_bonus":"","skills":[2272],"skill_ups_to_max":0,"leader_skill":null,"homunculus_skills":[],"base_hp":1200,"base_attack":80,"base_defense":80,"speed":110,"crit_rate":15,"crit_damage":50,"resistance":15,"accuracy":0,"raw_hp":40,"raw_attack":40,"raw_defense":40,"max_lvl_hp":6585,"max_lvl_attack":439,"max_lvl_defense":439,"awakens_from":null,"awakens_to":null,"awaken_cost":[],"source":[],"fusion_food":false,"homunculus":false,"craft_cost":null,"craft_materials":[]},{"id":1524,"url":"https://swarfarm.com/api/v2/monsters/1524/","bestiary_slug":"120313-wind-tower","com2us_id":120313,"family_id":100000,"name":"Tower","image_filename":"unit_icon_0008_2_3.png","element":"Wind","archetype":"none","base_stars":1,"natural_stars":1,"obtainable":false,"can_awaken":false,"awaken_level":0,"awaken_bonus":"","skills":[2273],"skill_ups_to_max":0,"leader_skill":null,"homunculus_skills":[],"base_hp":1200,"base_attack":80,"base_defense":80,"speed":110,"crit_rate":15,"crit_damage":50,"resistance":15,"accuracy":0,"raw_hp":40,"raw_attack":40,"raw_defense":40,"max_lvl_hp":6585,"max_lvl_attack":439,"max_lvl_defense":439,"awakens_from":null,"awakens_to":null,"awaken_cost":[],"source":[],"fusion_food":false,"homunculus":false,"craft_cost":null,"craft_materials":[]},{"id":1525,"url":"https://swarfarm.com/api/v2/monsters/1525/","bestiary_slug":"120314-light-tower","com2us_id":120314,"family_id":100000,"name":"Tower","image_filename":"unit_icon_0008_3_3.png","element":"Light","archetype":"none","base_stars":1,"natural_stars":1,"obtainable":false,"can_awaken":false,"awaken_level":0,"awaken_bonus":"","skills":[2274],"skill_ups_to_max":0,"leader_skill":null,"homunculus_skills":[],"base_hp":1200,"base_attack":80,"base_defense":80,"speed":110,"crit_rate":15,"crit_damage":50,"resistance":15,"accuracy":0,"raw_hp":40,"raw_attack":40,"raw_defense":40,"max_lvl_hp":6585,"max_lvl_attack":439,"max_lvl_defense":439,"awakens_from":null,"awakens_to":null,"awaken_cost":[],"source":[],"fusion_food":false,"homunculus":false,"craft_cost":null,"craft_materials":[]},{"id":1526,"url":"https://swarfarm.com/api/v2/monsters/1526/","bestiary_slug":"120315-dark-tower","com2us_id":120315,"family_id":100000,"name":"Tower","image_filename":"unit_icon_0008_4_3.png","element":"Dark","archetype":"none","base_stars":1,"natural_stars":1,"obtainable":false,"can_awaken":false,"awaken_level":0,"awaken_bonus":"","skills":[2275],"skill_ups_to_max":0,"leader_skill":null,"homunculus_skills":[],"base_hp":1200,"base_attack":80,"base_defense":80,"speed":110,"crit_rate":15,"crit_damage":50,"resistance":15,"accuracy":0,"raw_hp":40,"raw_attack":40,"raw_defense":40,"max_lvl_hp":6585,"max_lvl_attack":439,"max_lvl_defense":439,"awakens_from":null,"awakens_to":null,"awaken_cost":[],"source":[],"fusion_food":false,"homunculus":false,"craft_cost":null,"craft_materials":[]},{"id":1527,"url":"https://swarfarm.com/api/v2/monsters/1527/","bestiary_slug":"120401-water-tower","com2us_id":120401,"family_id":100000,"name":"Tower","image_filename":"unit_icon_0008_0_3.png","element":"Water","archetype":"none","base_stars":1,"natural_stars":1,"obtainable":false,"can_awaken":false,"awaken_level":0,"awaken_bonus":"","skills":[2276],"skill_ups_to_max":0,"leader_skill":null,"homunculus_skills":[],"base_hp":1200,"base_attack":80,"base_defense":80,"speed":110,"crit_rate":15,"crit_damage":50,"resistance":15,"accuracy":0,"raw_hp":40,"raw_attack":40,"raw_defense":40,"max_lvl_hp":6585,"max_lvl_attack":439,"max_lvl_defense":439,"awakens_from":null,"awakens_to":null,"awaken_cost":[],"source":[],"fusion_food":false,"homunculus":false,"craft_cost":null,"craft_materials":[]},{"id":1528,"url":"https://swarfarm.com/api/v2/monsters/1528/","bestiary_slug":"120402-fire-tower","com2us_id":120402,"family_id":100000,"name":"Tower","image_filename":"unit_icon_0008_1_3.png","element":"Fire","archetype":"none","base_stars":1,"natural_stars":1,"obtainable":false,"can_awaken":false,"awaken_level":0,"awaken_bonus":"","skills":[2277],"skill_ups_to_max":0,"leader_skill":null,"homunculus_skills":[],"base_hp":1200,"base_attack":80,"base_defense":80,"speed":110,"crit_rate":15,"crit_damage":50,"resistance":15,"accuracy":0,"raw_hp":40,"raw_attack":40,"raw_defense":40,"max_lvl_hp":6585,"max_lvl_attack":439,"max_lvl_defense":439,"awakens_from":null,"awakens_to":null,"awaken_cost":[],"source":[],"fusion_food":false,"homunculus":false,"craft_cost":null,"craft_materials":[]},{"id":1529,"url":"https://swarfarm.com/api/v2/monsters/1529/","bestiary_slug":"120403-wind-tower","com2us_id":120403,"family_id":100000,"name":"Tower","image_filename":"unit_icon_0008_2_3.png","element":"Wind","archetype":"none","base_stars":1,"natural_stars":1,"obtainable":false,"can_awaken":false,"awaken_level":0,"awaken_bonus":"","skills":[2278],"skill_ups_to_max":0,"leader_skill":null,"homunculus_skills":[],"base_hp":1200,"base_attack":80,"base_defense":80,"speed":110,"crit_rate":15,"crit_damage":50,"resistance":15,"accuracy":0,"raw_hp":40,"raw_attack":40,"raw_defense":40,"max_lvl_hp":6585,"max_lvl_attack":439,"max_lvl_defense":439,"awakens_from":null,"awakens_to":null,"awaken_cost":[],"source":[],"fusion_food":false,"homunculus":false,"craft_cost":null,"craft_materials":[]},{"id":1530,"url":"https://swarfarm.com/api/v2/monsters/1530/","bestiary_slug":"120404-light-tower","com2us_id":120404,"family_id":100000,"name":"Tower","image_filename":"unit_icon_0008_3_3.png","element":"Light","archetype":"none","base_stars":1,"natural_stars":1,"obtainable":false,"can_awaken":false,"awaken_level":0,"awaken_bonus":"","skills":[2279],"skill_ups_to_max":0,"leader_skill":null,"homunculus_skills":[],"base_hp":1200,"base_attack":80,"base_defense":80,"speed":110,"crit_rate":15,"crit_damage":50,"resistance":15,"accuracy":0,"raw_hp":40,"raw_attack":40,"raw_defense":40,"max_lvl_hp":6585,"max_lvl_attack":439,"max_lvl_defense":439,"awakens_from":null,"awakens_to":null,"awaken_cost":[],"source":[],"fusion_food":false,"homunculus":false,"craft_cost":null,"craft_materials":[]},{"id":1531,"url":"https://swarfarm.com/api/v2/monsters/1531/","bestiary_slug":"120405-dark-tower","com2us_id":120405,"family_id":100000,"name":"Tower","image_filename":"unit_icon_0008_4_3.png","element":"Dark","archetype":"none","base_stars":1,"natural_stars":1,"obtainable":false,"can_awaken":false,"awaken_level":0,"awaken_bonus":"","skills":[2280],"skill_ups_to_max":0,"leader_skill":null,"homunculus_skills":[],"base_hp":1200,"base_attack":80,"base_defense":80,"speed":110,"crit_rate":15,"crit_damage":50,"resistance":15,"accuracy":0,"raw_hp":40,"raw_attack":40,"raw_defense":40,"max_lvl_hp":6585,"max_lvl_attack":439,"max_lvl_defense":439,"awakens_from":null,"awakens_to":null,"awaken_cost":[],"source":[],"fusion_food":false,"homunculus":false,"craft_cost":null,"craft_materials":[]},{"id":1532,"url":"https://swarfarm.com/api/v2/monsters/1532/","bestiary_slug":"120411-water-tower","com2us_id":120411,"family_id":100000,"name":"Tower","image_filename":"unit_icon_0008_0_3.png","element":"Water","archetype":"none","base_stars":1,"natural_stars":1,"obtainable":false,"can_awaken":false,"awaken_level":0,"awaken_bonus":"","skills":[2281],"skill_ups_to_max":0,"leader_skill":null,"homunculus_skills":[],"base_hp":1200,"base_attack":80,"base_defense":80,"speed":110,"crit_rate":15,"crit_damage":50,"resistance":15,"accuracy":0,"raw_hp":40,"raw_attack":40,"raw_defense":40,"max_lvl_hp":6585,"max_lvl_attack":439,"max_lvl_defense":439,"awakens_from":null,"awakens_to":null,"awaken_cost":[],"source":[],"fusion_food":false,"homunculus":false,"craft_cost":null,"craft_materials":[]},{"id":1533,"url":"https://swarfarm.com/api/v2/monsters/1533/","bestiary_slug":"120412-fire-tower","com2us_id":120412,"family_id":100000,"name":"Tower","image_filename":"unit_icon_0008_1_3.png","element":"Fire","archetype":"none","base_stars":1,"natural_stars":1,"obtainable":false,"can_awaken":false,"awaken_level":0,"awaken_bonus":"","skills":[2282],"skill_ups_to_max":0,"leader_skill":null,"homunculus_skills":[],"base_hp":1200,"base_attack":80,"base_defense":80,"speed":110,"crit_rate":15,"crit_damage":50,"resistance":15,"accuracy":0,"raw_hp":40,"raw_attack":40,"raw_defense":40,"max_lvl_hp":6585,"max_lvl_attack":439,"max_lvl_defense":439,"awakens_from":null,"awakens_to":null,"awaken_cost":[],"source":[],"fusion_food":false,"homunculus":false,"craft_cost":null,"craft_materials":[]},{"id":1534,"url":"https://swarfarm.com/api/v2/monsters/1534/","bestiary_slug":"120413-wind-tower","com2us_id":120413,"family_id":100000,"name":"Tower","image_filename":"unit_icon_0008_2_3.png","element":"Wind","archetype":"none","base_stars":1,"natural_stars":1,"obtainable":false,"can_awaken":false,"awaken_level":0,"awaken_bonus":"","skills":[2283],"skill_ups_to_max":0,"leader_skill":null,"homunculus_skills":[],"base_hp":1200,"base_attack":80,"base_defense":80,"speed":110,"crit_rate":15,"crit_damage":50,"resistance":15,"accuracy":0,"raw_hp":40,"raw_attack":40,"raw_defense":40,"max_lvl_hp":6585,"max_lvl_attack":439,"max_lvl_defense":439,"awakens_from":null,"awakens_to":null,"awaken_cost":[],"source":[],"fusion_food":false,"homunculus":false,"craft_cost":null,"craft_materials":[]},{"id":1535,"url":"https://swarfarm.com/api/v2/monsters/1535/","bestiary_slug":"120414-light-tower","com2us_id":120414,"family_id":100000,"name":"Tower","image_filename":"unit_icon_0008_3_3.png","element":"Light","archetype":"none","base_stars":1,"natural_stars":1,"obtainable":false,"can_awaken":false,"awaken_level":0,"awaken_bonus":"","skills":[2284],"skill_ups_to_max":0,"leader_skill":null,"homunculus_skills":[],"base_hp":1200,"base_attack":80,"base_defense":80,"speed":110,"crit_rate":15,"crit_damage":50,"resistance":15,"accuracy":0,"raw_hp":40,"raw_attack":40,"raw_defense":40,"max_lvl_hp":6585,"max_lvl_attack":439,"max_lvl_defense":439,"awakens_from":null,"awakens_to":null,"awaken_cost":[],"source":[],"fusion_food":false,"homunculus":false,"craft_cost":null,"craft_materials":[]},{"id":1536,"url":"https://swarfarm.com/api/v2/monsters/1536/","bestiary_slug":"120415-dark-tower","com2us_id":120415,"family_id":100000,"name":"Tower","image_filename":"unit_icon_0008_4_3.png","element":"Dark","archetype":"none","base_stars":1,"natural_stars":1,"obtainable":false,"can_awaken":false,"awaken_level":0,"awaken_bonus":"","skills":[2285],"skill_ups_to_max":0,"leader_skill":null,"homunculus_skills":[],"base_hp":1200,"base_attack":80,"base_defense":80,"speed":110,"crit_rate":15,"crit_damage":50,"resistance":15,"accuracy":0,"raw_hp":40,"raw_attack":40,"raw_defense":40,"max_lvl_hp":6585,"max_lvl_attack":439,"max_lvl_defense":439,"awakens_from":null,"awakens_to":null,"awaken_cost":[],"source":[],"fusion_food":false,"homunculus":false,"craft_cost":null,"craft_materials":[]},{"id":1537,"url":"https://swarfarm.com/api/v2/monsters/1537/","bestiary_slug":"120501-water-tower","com2us_id":120501,"family_id":100000,"name":"Tower","image_filename":"unit_icon_0008_0_3.png","element":"Water","archetype":"none","base_stars":1,"natural_stars":1,"obtainable":false,"can_awaken":false,"awaken_level":0,"awaken_bonus":"","skills":[2382],"skill_ups_to_max":0,"leader_skill":null,"homunculus_skills":[],"base_hp":1200,"base_attack":80,"base_defense":80,"speed":110,"crit_rate":15,"crit_damage":50,"resistance":15,"accuracy":0,"raw_hp":40,"raw_attack":40,"raw_defense":40,"max_lvl_hp":6585,"max_lvl_attack":439,"max_lvl_defense":439,"awakens_from":null,"awakens_to":null,"awaken_cost":[],"source":[],"fusion_food":false,"homunculus":false,"craft_cost":null,"craft_materials":[]},{"id":1538,"url":"https://swarfarm.com/api/v2/monsters/1538/","bestiary_slug":"120502-fire-tower","com2us_id":120502,"family_id":100000,"name":"Tower","image_filename":"unit_icon_0008_1_3.png","element":"Fire","archetype":"none","base_stars":1,"natural_stars":1,"obtainable":false,"can_awaken":false,"awaken_level":0,"awaken_bonus":"","skills":[2383],"skill_ups_to_max":0,"leader_skill":null,"homunculus_skills":[],"base_hp":1200,"base_attack":80,"base_defense":80,"speed":110,"crit_rate":15,"crit_damage":50,"resistance":15,"accuracy":0,"raw_hp":40,"raw_attack":40,"raw_defense":40,"max_lvl_hp":6585,"max_lvl_attack":439,"max_lvl_defense":439,"awakens_from":null,"awakens_to":null,"awaken_cost":[],"source":[],"fusion_food":false,"homunculus":false,"craft_cost":null,"craft_materials":[]},{"id":1539,"url":"https://swarfarm.com/api/v2/monsters/1539/","bestiary_slug":"120503-wind-tower","com2us_id":120503,"family_id":100000,"name":"Tower","image_filename":"unit_icon_0008_2_3.png","element":"Wind","archetype":"none","base_stars":1,"natural_stars":1,"obtainable":false,"can_awaken":false,"awaken_level":0,"awaken_bonus":"","skills":[2384],"skill_ups_to_max":0,"leader_skill":null,"homunculus_skills":[],"base_hp":1200,"base_attack":80,"base_defense":80,"speed":110,"crit_rate":15,"crit_damage":50,"resistance":15,"accuracy":0,"raw_hp":40,"raw_attack":40,"raw_defense":40,"max_lvl_hp":6585,"max_lvl_attack":439,"max_lvl_defense":439,"awakens_from":null,"awakens_to":null,"awaken_cost":[],"source":[],"fusion_food":false,"homunculus":false,"craft_cost":null,"craft_materials":[]},{"id":1540,"url":"https://swarfarm.com/api/v2/monsters/1540/","bestiary_slug":"120504-light-tower","com2us_id":120504,"family_id":100000,"name":"Tower","image_filename":"unit_icon_0008_3_3.png","element":"Light","archetype":"none","base_stars":1,"natural_stars":1,"obtainable":false,"can_awaken":false,"awaken_level":0,"awaken_bonus":"","skills":[2385],"skill_ups_to_max":0,"leader_skill":null,"homunculus_skills":[],"base_hp":1200,"base_attack":80,"base_defense":80,"speed":110,"crit_rate":15,"crit_damage":50,"resistance":15,"accuracy":0,"raw_hp":40,"raw_attack":40,"raw_defense":40,"max_lvl_hp":6585,"max_lvl_attack":439,"max_lvl_defense":439,"awakens_from":null,"awakens_to":null,"awaken_cost":[],"source":[],"fusion_food":false,"homunculus":false,"craft_cost":null,"craft_materials":[]},{"id":1541,"url":"https://swarfarm.com/api/v2/monsters/1541/","bestiary_slug":"120505-dark-tower","com2us_id":120505,"family_id":100000,"name":"Tower","image_filename":"unit_icon_0008_4_3.png","element":"Dark","archetype":"none","base_stars":1,"natural_stars":1,"obtainable":false,"can_awaken":false,"awaken_level":0,"awaken_bonus":"","skills":[2386],"skill_ups_to_max":0,"leader_skill":null,"homunculus_skills":[],"base_hp":1200,"base_attack":80,"base_defense":80,"speed":110,"crit_rate":15,"crit_damage":50,"resistance":15,"accuracy":0,"raw_hp":40,"raw_attack":40,"raw_defense":40,"max_lvl_hp":6585,"max_lvl_attack":439,"max_lvl_defense":439,"awakens_from":null,"awakens_to":null,"awaken_cost":[],"source":[],"fusion_food":false,"homunculus":false,"craft_cost":null,"craft_materials":[]},{"id":1542,"url":"https://swarfarm.com/api/v2/monsters/1542/","bestiary_slug":"120511-water-tower","com2us_id":120511,"family_id":100000,"name":"Tower","image_filename":"unit_icon_0008_0_3.png","element":"Water","archetype":"none","base_stars":1,"natural_stars":1,"obtainable":false,"can_awaken":false,"awaken_level":0,"awaken_bonus":"","skills":[2387],"skill_ups_to_max":0,"leader_skill":null,"homunculus_skills":[],"base_hp":1200,"base_attack":80,"base_defense":80,"speed":110,"crit_rate":15,"crit_damage":50,"resistance":15,"accuracy":0,"raw_hp":40,"raw_attack":40,"raw_defense":40,"max_lvl_hp":6585,"max_lvl_attack":439,"max_lvl_defense":439,"awakens_from":null,"awakens_to":null,"awaken_cost":[],"source":[],"fusion_food":false,"homunculus":false,"craft_cost":null,"craft_materials":[]},{"id":1543,"url":"https://swarfarm.com/api/v2/monsters/1543/","bestiary_slug":"120512-fire-tower","com2us_id":120512,"family_id":100000,"name":"Tower","image_filename":"unit_icon_0008_1_3.png","element":"Fire","archetype":"none","base_stars":1,"natural_stars":1,"obtainable":false,"can_awaken":false,"awaken_level":0,"awaken_bonus":"","skills":[2388],"skill_ups_to_max":0,"leader_skill":null,"homunculus_skills":[],"base_hp":1200,"base_attack":80,"base_defense":80,"speed":110,"crit_rate":15,"crit_damage":50,"resistance":15,"accuracy":0,"raw_hp":40,"raw_attack":40,"raw_defense":40,"max_lvl_hp":6585,"max_lvl_attack":439,"max_lvl_defense":439,"awakens_from":null,"awakens_to":null,"awaken_cost":[],"source":[],"fusion_food":false,"homunculus":false,"craft_cost":null,"craft_materials":[]},{"id":1544,"url":"https://swarfarm.com/api/v2/monsters/1544/","bestiary_slug":"120513-wind-tower","com2us_id":120513,"family_id":100000,"name":"Tower","image_filename":"unit_icon_0008_2_3.png","element":"Wind","archetype":"none","base_stars":1,"natural_stars":1,"obtainable":false,"can_awaken":false,"awaken_level":0,"awaken_bonus":"","skills":[2389],"skill_ups_to_max":0,"leader_skill":null,"homunculus_skills":[],"base_hp":1200,"base_attack":80,"base_defense":80,"speed":110,"crit_rate":15,"crit_damage":50,"resistance":15,"accuracy":0,"raw_hp":40,"raw_attack":40,"raw_defense":40,"max_lvl_hp":6585,"max_lvl_attack":439,"max_lvl_defense":439,"awakens_from":null,"awakens_to":null,"awaken_cost":[],"source":[],"fusion_food":false,"homunculus":false,"craft_cost":null,"craft_materials":[]},{"id":1545,"url":"https://swarfarm.com/api/v2/monsters/1545/","bestiary_slug":"120514-light-tower","com2us_id":120514,"family_id":100000,"name":"Tower","image_filename":"unit_icon_0008_3_3.png","element":"Light","archetype":"none","base_stars":1,"natural_stars":1,"obtainable":false,"can_awaken":false,"awaken_level":0,"awaken_bonus":"","skills":[2390],"skill_ups_to_max":0,"leader_skill":null,"homunculus_skills":[],"base_hp":1200,"base_attack":80,"base_defense":80,"speed":110,"crit_rate":15,"crit_damage":50,"resistance":15,"accuracy":0,"raw_hp":40,"raw_attack":40,"raw_defense":40,"max_lvl_hp":6585,"max_lvl_attack":439,"max_lvl_defense":439,"awakens_from":null,"awakens_to":null,"awaken_cost":[],"source":[],"fusion_food":false,"homunculus":false,"craft_cost":null,"craft_materials":[]},{"id":1546,"url":"https://swarfarm.com/api/v2/monsters/1546/","bestiary_slug":"120515-dark-tower","com2us_id":120515,"family_id":100000,"name":"Tower","image_filename":"unit_icon_0008_4_3.png","element":"Dark","archetype":"none","base_stars":1,"natural_stars":1,"obtainable":false,"can_awaken":false,"awaken_level":0,"awaken_bonus":"","skills":[2391],"skill_ups_to_max":0,"leader_skill":null,"homunculus_skills":[],"base_hp":1200,"base_attack":80,"base_defense":80,"speed":110,"crit_rate":15,"crit_damage":50,"resistance":15,"accuracy":0,"raw_hp":40,"raw_attack":40,"raw_defense":40,"max_lvl_hp":6585,"max_lvl_attack":439,"max_lvl_defense":439,"awakens_from":null,"awakens_to":null,"awaken_cost":[],"source":[],"fusion_food":false,"homunculus":false,"craft_cost":null,"craft_materials":[]},{"id":1547,"url":"https://swarfarm.com/api/v2/monsters/1547/","bestiary_slug":"120601-water-tower","com2us_id":120601,"family_id":100000,"name":"Tower","image_filename":"unit_icon_0008_0_3.png","element":"Water","archetype":"none","base_stars":1,"natural_stars":1,"obtainable":false,"can_awaken":false,"awaken_level":0,"awaken_bonus":"","skills":[2392],"skill_ups_to_max":0,"leader_skill":null,"homunculus_skills":[],"base_hp":1200,"base_attack":80,"base_defense":80,"speed":110,"crit_rate":15,"crit_damage":50,"resistance":15,"accuracy":0,"raw_hp":40,"raw_attack":40,"raw_defense":40,"max_lvl_hp":6585,"max_lvl_attack":439,"max_lvl_defense":439,"awakens_from":null,"awakens_to":null,"awaken_cost":[],"source":[],"fusion_food":false,"homunculus":false,"craft_cost":null,"craft_materials":[]},{"id":1548,"url":"https://swarfarm.com/api/v2/monsters/1548/","bestiary_slug":"120602-fire-tower","com2us_id":120602,"family_id":100000,"name":"Tower","image_filename":"unit_icon_0008_1_3.png","element":"Fire","archetype":"none","base_stars":1,"natural_stars":1,"obtainable":false,"can_awaken":false,"awaken_level":0,"awaken_bonus":"","skills":[2393],"skill_ups_to_max":0,"leader_skill":null,"homunculus_skills":[],"base_hp":1200,"base_attack":80,"base_defense":80,"speed":110,"crit_rate":15,"crit_damage":50,"resistance":15,"accuracy":0,"raw_hp":40,"raw_attack":40,"raw_defense":40,"max_lvl_hp":6585,"max_lvl_attack":439,"max_lvl_defense":439,"awakens_from":null,"awakens_to":null,"awaken_cost":[],"source":[],"fusion_food":false,"homunculus":false,"craft_cost":null,"craft_materials":[]},{"id":1549,"url":"https://swarfarm.com/api/v2/monsters/1549/","bestiary_slug":"120603-wind-tower","com2us_id":120603,"family_id":100000,"name":"Tower","image_filename":"unit_icon_0008_2_3.png","element":"Wind","archetype":"none","base_stars":1,"natural_stars":1,"obtainable":false,"can_awaken":false,"awaken_level":0,"awaken_bonus":"","skills":[2394],"skill_ups_to_max":0,"leader_skill":null,"homunculus_skills":[],"base_hp":1200,"base_attack":80,"base_defense":80,"speed":110,"crit_rate":15,"crit_damage":50,"resistance":15,"accuracy":0,"raw_hp":40,"raw_attack":40,"raw_defense":40,"max_lvl_hp":6585,"max_lvl_attack":439,"max_lvl_defense":439,"awakens_from":null,"awakens_to":null,"awaken_cost":[],"source":[],"fusion_food":false,"homunculus":false,"craft_cost":null,"craft_materials":[]},{"id":1550,"url":"https://swarfarm.com/api/v2/monsters/1550/","bestiary_slug":"120604-light-tower","com2us_id":120604,"family_id":100000,"name":"Tower","image_filename":"unit_icon_0008_3_3.png","element":"Light","archetype":"none","base_stars":1,"natural_stars":1,"obtainable":false,"can_awaken":false,"awaken_level":0,"awaken_bonus":"","skills":[2395],"skill_ups_to_max":0,"leader_skill":null,"homunculus_skills":[],"base_hp":1200,"base_attack":80,"base_defense":80,"speed":110,"crit_rate":15,"crit_damage":50,"resistance":15,"accuracy":0,"raw_hp":40,"raw_attack":40,"raw_defense":40,"max_lvl_hp":6585,"max_lvl_attack":439,"max_lvl_defense":439,"awakens_from":null,"awakens_to":null,"awaken_cost":[],"source":[],"fusion_food":false,"homunculus":false,"craft_cost":null,"craft_materials":[]},{"id":1551,"url":"https://swarfarm.com/api/v2/monsters/1551/","bestiary_slug":"120605-dark-tower","com2us_id":120605,"family_id":100000,"name":"Tower","image_filename":"unit_icon_0008_4_3.png","element":"Dark","archetype":"none","base_stars":1,"natural_stars":1,"obtainable":false,"can_awaken":false,"awaken_level":0,"awaken_bonus":"","skills":[2396],"skill_ups_to_max":0,"leader_skill":null,"homunculus_skills":[],"base_hp":1200,"base_attack":80,"base_defense":80,"speed":110,"crit_rate":15,"crit_damage":50,"resistance":15,"accuracy":0,"raw_hp":40,"raw_attack":40,"raw_defense":40,"max_lvl_hp":6585,"max_lvl_attack":439,"max_lvl_defense":439,"awakens_from":null,"awakens_to":null,"awaken_cost":[],"source":[],"fusion_food":false,"homunculus":false,"craft_cost":null,"craft_materials":[]},{"id":1552,"url":"https://swarfarm.com/api/v2/monsters/1552/","bestiary_slug":"120611-water-tower","com2us_id":120611,"family_id":100000,"name":"Tower","image_filename":"unit_icon_0008_0_3.png","element":"Water","archetype":"none","base_stars":1,"natural_stars":1,"obtainable":false,"can_awaken":false,"awaken_level":0,"awaken_bonus":"","skills":[2397],"skill_ups_to_max":0,"leader_skill":null,"homunculus_skills":[],"base_hp":1200,"base_attack":80,"base_defense":80,"speed":110,"crit_rate":15,"crit_damage":50,"resistance":15,"accuracy":0,"raw_hp":40,"raw_attack":40,"raw_defense":40,"max_lvl_hp":6585,"max_lvl_attack":439,"max_lvl_defense":439,"awakens_from":null,"awakens_to":null,"awaken_cost":[],"source":[],"fusion_food":false,"homunculus":false,"craft_cost":null,"craft_materials":[]},{"id":1553,"url":"https://swarfarm.com/api/v2/monsters/1553/","bestiary_slug":"120612-fire-tower","com2us_id":120612,"family_id":100000,"name":"Tower","image_filename":"unit_icon_0008_1_3.png","element":"Fire","archetype":"none","base_stars":1,"natural_stars":1,"obtainable":false,"can_awaken":false,"awaken_level":0,"awaken_bonus":"","skills":[2398],"skill_ups_to_max":0,"leader_skill":null,"homunculus_skills":[],"base_hp":1200,"base_attack":80,"base_defense":80,"speed":110,"crit_rate":15,"crit_damage":50,"resistance":15,"accuracy":0,"raw_hp":40,"raw_attack":40,"raw_defense":40,"max_lvl_hp":6585,"max_lvl_attack":439,"max_lvl_defense":439,"awakens_from":null,"awakens_to":null,"awaken_cost":[],"source":[],"fusion_food":false,"homunculus":false,"craft_cost":null,"craft_materials":[]},{"id":1554,"url":"https://swarfarm.com/api/v2/monsters/1554/","bestiary_slug":"120613-wind-tower","com2us_id":120613,"family_id":100000,"name":"Tower","image_filename":"unit_icon_0008_2_3.png","element":"Wind","archetype":"none","base_stars":1,"natural_stars":1,"obtainable":false,"can_awaken":false,"awaken_level":0,"awaken_bonus":"","skills":[2399],"skill_ups_to_max":0,"leader_skill":null,"homunculus_skills":[],"base_hp":1200,"base_attack":80,"base_defense":80,"speed":110,"crit_rate":15,"crit_damage":50,"resistance":15,"accuracy":0,"raw_hp":40,"raw_attack":40,"raw_defense":40,"max_lvl_hp":6585,"max_lvl_attack":439,"max_lvl_defense":439,"awakens_from":null,"awakens_to":null,"awaken_cost":[],"source":[],"fusion_food":false,"homunculus":false,"craft_cost":null,"craft_materials":[]},{"id":1555,"url":"https://swarfarm.com/api/v2/monsters/1555/","bestiary_slug":"120614-light-tower","com2us_id":120614,"family_id":100000,"name":"Tower","image_filename":"unit_icon_0008_3_3.png","element":"Light","archetype":"none","base_stars":1,"natural_stars":1,"obtainable":false,"can_awaken":false,"awaken_level":0,"awaken_bonus":"","skills":[2400],"skill_ups_to_max":0,"leader_skill":null,"homunculus_skills":[],"base_hp":1200,"base_attack":80,"base_defense":80,"speed":110,"crit_rate":15,"crit_damage":50,"resistance":15,"accuracy":0,"raw_hp":40,"raw_attack":40,"raw_defense":40,"max_lvl_hp":6585,"max_lvl_attack":439,"max_lvl_defense":439,"awakens_from":null,"awakens_to":null,"awaken_cost":[],"source":[],"fusion_food":false,"homunculus":false,"craft_cost":null,"craft_materials":[]},{"id":1556,"url":"https://swarfarm.com/api/v2/monsters/1556/","bestiary_slug":"120615-dark-tower","com2us_id":120615,"family_id":100000,"name":"Tower","image_filename":"unit_icon_0008_4_3.png","element":"Dark","archetype":"none","base_stars":1,"natural_stars":1,"obtainable":false,"can_awaken":false,"awaken_level":0,"awaken_bonus":"","skills":[2401],"skill_ups_to_max":0,"leader_skill":null,"homunculus_skills":[],"base_hp":1200,"base_attack":80,"base_defense":80,"speed":110,"crit_rate":15,"crit_damage":50,"resistance":15,"accuracy":0,"raw_hp":40,"raw_attack":40,"raw_defense":40,"max_lvl_hp":6585,"max_lvl_attack":439,"max_lvl_defense":439,"awakens_from":null,"awakens_to":null,"awaken_cost":[],"source":[],"fusion_food":false,"homunculus":false,"craft_cost":null,"craft_materials":[]},{"id":1557,"url":"https://swarfarm.com/api/v2/monsters/1557/","bestiary_slug":"210106-pure-small-crystal","com2us_id":210106,"family_id":210100,"name":"Small Crystal","image_filename":"unit_icon_0008_5_3.png","element":"Pure","archetype":"none","base_stars":1,"natural_stars":1,"obtainable":false,"can_awaken":false,"awaken_level":0,"awaken_bonus":"","skills":[2601],"skill_ups_to_max":0,"leader_skill":null,"homunculus_skills":[],"base_hp":600,"base_attack":60,"base_defense":140,"speed":90,"crit_rate":0,"crit_damage":50,"resistance":25,"accuracy":0,"raw_hp":20,"raw_attack":30,"raw_defense":70,"max_lvl_hp":3300,"max_lvl_attack":329,"max_lvl_defense":769,"awakens_from":null,"awakens_to":null,"awaken_cost":[],"source":[],"fusion_food":false,"homunculus":false,"craft_cost":null,"craft_materials":[]},{"id":1558,"url":"https://swarfarm.com/api/v2/monsters/1558/","bestiary_slug":"210206-pure-small-crystal","com2us_id":210206,"family_id":210200,"name":"Small Crystal","image_filename":"unit_icon_0008_5_3.png","element":"Pure","archetype":"none","base_stars":1,"natural_stars":1,"obtainable":false,"can_awaken":false,"awaken_level":0,"awaken_bonus":"","skills":[2599],"skill_ups_to_max":0,"leader_skill":null,"homunculus_skills":[],"base_hp":1200,"base_attack":120,"base_defense":40,"speed":135,"crit_rate":50,"crit_damage":50,"resistance":25,"accuracy":0,"raw_hp":40,"raw_attack":60,"raw_defense":20,"max_lvl_hp":6585,"max_lvl_attack":659,"max_lvl_defense":220,"awakens_from":null,"awakens_to":null,"awaken_cost":[],"source":[],"fusion_food":false,"homunculus":false,"craft_cost":null,"craft_materials":[]},{"id":1559,"url":"https://swarfarm.com/api/v2/monsters/1559/","bestiary_slug":"210306-pure-small-crystal","com2us_id":210306,"family_id":210300,"name":"Small Crystal","image_filename":"unit_icon_0008_5_3.png","element":"Pure","archetype":"none","base_stars":1,"natural_stars":1,"obtainable":false,"can_awaken":false,"awaken_level":0,"awaken_bonus":"","skills":[2603],"skill_ups_to_max":0,"leader_skill":null,"homunculus_skills":[],"base_hp":1500,"base_attack":40,"base_defense":100,"speed":120,"crit_rate":25,"crit_damage":50,"resistance":25,"accuracy":0,"raw_hp":50,"raw_attack":20,"raw_defense":50,"max_lvl_hp":8235,"max_lvl_attack":220,"max_lvl_defense":549,"awakens_from":null,"awakens_to":null,"awaken_cost":[],"source":[],"fusion_food":false,"homunculus":false,"craft_cost":null,"craft_materials":[]},{"id":1560,"url":"https://swarfarm.com/api/v2/monsters/1560/","bestiary_slug":"210406-pure-small-crystal","com2us_id":210406,"family_id":210400,"name":"Small Crystal","image_filename":"unit_icon_0008_5_3.png","element":"Pure","archetype":"none","base_stars":1,"natural_stars":1,"obtainable":false,"can_awaken":false,"awaken_level":0,"awaken_bonus":"","skills":[2605],"skill_ups_to_max":0,"leader_skill":null,"homunculus_skills":[],"base_hp":1200,"base_attack":80,"base_defense":80,"speed":100,"crit_rate":0,"crit_damage":50,"resistance":25,"accuracy":0,"raw_hp":40,"raw_attack":40,"raw_defense":40,"max_lvl_hp":6585,"max_lvl_attack":439,"max_lvl_defense":439,"awakens_from":null,"awakens_to":null,"awaken_cost":[],"source":[],"fusion_food":false,"homunculus":false,"craft_cost":null,"craft_materials":[]},{"id":1561,"url":"https://swarfarm.com/api/v2/monsters/1561/","bestiary_slug":"210506-pure-small-crystal","com2us_id":210506,"family_id":210500,"name":"Small Crystal","image_filename":"unit_icon_0008_5_3.png","element":"Pure","archetype":"none","base_stars":1,"natural_stars":1,"obtainable":false,"can_awaken":false,"awaken_level":0,"awaken_bonus":"","skills":[2607],"skill_ups_to_max":0,"leader_skill":null,"homunculus_skills":[],"base_hp":1800,"base_attack":80,"base_defense":40,"speed":110,"crit_rate":0,"crit_damage":50,"resistance":25,"accuracy":0,"raw_hp":60,"raw_attack":40,"raw_defense":20,"max_lvl_hp":9885,"max_lvl_attack":439,"max_lvl_defense":220,"awakens_from":null,"awakens_to":null,"awaken_cost":[],"source":[],"fusion_food":false,"homunculus":false,"craft_cost":null,"craft_materials":[]},{"id":1562,"url":"https://swarfarm.com/api/v2/monsters/1562/","bestiary_slug":"210606-pure-medium-crystal","com2us_id":210606,"family_id":210600,"name":"Medium Crystal","image_filename":"unit_icon_0008_5_3.png","element":"Pure","archetype":"none","base_stars":1,"natural_stars":1,"obtainable":false,"can_awaken":false,"awaken_level":0,"awaken_bonus":"","skills":[2600],"skill_ups_to_max":0,"leader_skill":null,"homunculus_skills":[],"base_hp":300,"base_attack":60,"base_defense":160,"speed":45,"crit_rate":0,"crit_damage":50,"resistance":25,"accuracy":0,"raw_hp":10,"raw_attack":30,"raw_defense":80,"max_lvl_hp":1650,"max_lvl_attack":329,"max_lvl_defense":878,"awakens_from":null,"awakens_to":null,"awaken_cost":[],"source":[],"fusion_food":false,"homunculus":false,"craft_cost":null,"craft_materials":[]},{"id":1563,"url":"https://swarfarm.com/api/v2/monsters/1563/","bestiary_slug":"210706-pure-medium-crystal","com2us_id":210706,"family_id":210700,"name":"Medium Crystal","image_filename":"unit_icon_0008_5_3.png","element":"Pure","archetype":"none","base_stars":1,"natural_stars":1,"obtainable":false,"can_awaken":false,"awaken_level":0,"awaken_bonus":"","skills":[2598],"skill_ups_to_max":0,"leader_skill":null,"homunculus_skills":[],"base_hp":1200,"base_attack":120,"base_defense":40,"speed":105,"crit_rate":50,"crit_damage":50,"resistance":25,"accuracy":0,"raw_hp":40,"raw_attack":60,"raw_defense":20,"max_lvl_hp":6585,"max_lvl_attack":659,"max_lvl_defense":220,"awakens_from":null,"awakens_to":null,"awaken_cost":[],"source":[],"fusion_food":false,"homunculus":false,"craft_cost":null,"craft_materials":[]},{"id":1564,"url":"https://swarfarm.com/api/v2/monsters/1564/","bestiary_slug":"210806-pure-medium-crystal","com2us_id":210806,"family_id":210800,"name":"Medium Crystal","image_filename":"unit_icon_0008_5_3.png","element":"Pure","archetype":"none","base_stars":1,"natural_stars":1,"obtainable":false,"can_awaken":false,"awaken_level":0,"awaken_bonus":"","skills":[2602],"skill_ups_to_max":0,"leader_skill":null,"homunculus_skills":[],"base_hp":1500,"base_attack":40,"base_defense":100,"speed":90,"crit_rate":25,"crit_damage":50,"resistance":25,"accuracy":0,"raw_hp":50,"raw_attack":20,"raw_defense":50,"max_lvl_hp":8235,"max_lvl_attack":220,"max_lvl_defense":549,"awakens_from":null,"awakens_to":null,"awaken_cost":[],"source":[],"fusion_food":false,"homunculus":false,"craft_cost":null,"craft_materials":[]},{"id":1565,"url":"https://swarfarm.com/api/v2/monsters/1565/","bestiary_slug":"210906-pure-medium-crystal","com2us_id":210906,"family_id":210900,"name":"Medium Crystal","image_filename":"unit_icon_0008_5_3.png","element":"Pure","archetype":"none","base_stars":1,"natural_stars":1,"obtainable":false,"can_awaken":false,"awaken_level":0,"awaken_bonus":"","skills":[2604],"skill_ups_to_max":0,"leader_skill":null,"homunculus_skills":[],"base_hp":1200,"base_attack":80,"base_defense":80,"speed":45,"crit_rate":0,"crit_damage":50,"resistance":25,"accuracy":0,"raw_hp":40,"raw_attack":40,"raw_defense":40,"max_lvl_hp":6585,"max_lvl_attack":439,"max_lvl_defense":439,"awakens_from":null,"awakens_to":null,"awaken_cost":[],"source":[],"fusion_food":false,"homunculus":false,"craft_cost":null,"craft_materials":[]},{"id":1566,"url":"https://swarfarm.com/api/v2/monsters/1566/","bestiary_slug":"211006-pure-medium-crystal","com2us_id":211006,"family_id":211000,"name":"Medium Crystal","image_filename":"unit_icon_0008_5_3.png","element":"Pure","archetype":"none","base_stars":1,"natural_stars":1,"obtainable":false,"can_awaken":false,"awaken_level":0,"awaken_bonus":"","skills":[2606],"skill_ups_to_max":0,"leader_skill":null,"homunculus_skills":[],"base_hp":1800,"base_attack":80,"base_defense":40,"speed":67,"crit_rate":0,"crit_damage":50,"resistance":25,"accuracy":0,"raw_hp":60,"raw_attack":40,"raw_defense":20,"max_lvl_hp":9885,"max_lvl_attack":439,"max_lvl_defense":220,"awakens_from":null,"awakens_to":null,"awaken_cost":[],"source":[],"fusion_food":false,"homunculus":false,"craft_cost":null,"craft_materials":[]},{"id":1567,"url":"https://swarfarm.com/api/v2/monsters/1567/","bestiary_slug":"220001-water-small-crystal","com2us_id":220001,"family_id":220000,"name":"Small Crystal","image_filename":"unit_icon_0008_0_3.png","element":"Water","archetype":"none","base_stars":1,"natural_stars":1,"obtainable":false,"can_awaken":false,"awaken_level":0,"awaken_bonus":"","skills":[2608],"skill_ups_to_max":0,"leader_skill":null,"homunculus_skills":[],"base_hp":1200,"base_attack":80,"base_defense":80,"speed":110,"crit_rate":15,"crit_damage":50,"resistance":15,"accuracy":0,"raw_hp":40,"raw_attack":40,"raw_defense":40,"max_lvl_hp":6585,"max_lvl_attack":439,"max_lvl_defense":439,"awakens_from":null,"awakens_to":null,"awaken_cost":[],"source":[],"fusion_food":false,"homunculus":false,"craft_cost":null,"craft_materials":[]},{"id":1568,"url":"https://swarfarm.com/api/v2/monsters/1568/","bestiary_slug":"220002-fire-small-crystal","com2us_id":220002,"family_id":220000,"name":"Small Crystal","image_filename":"unit_icon_0008_1_3.png","element":"Fire","archetype":"none","base_stars":1,"natural_stars":1,"obtainable":false,"can_awaken":false,"awaken_level":0,"awaken_bonus":"","skills":[2609],"skill_ups_to_max":0,"leader_skill":null,"homunculus_skills":[],"base_hp":1200,"base_attack":80,"base_defense":80,"speed":110,"crit_rate":15,"crit_damage":50,"resistance":15,"accuracy":0,"raw_hp":40,"raw_attack":40,"raw_defense":40,"max_lvl_hp":6585,"max_lvl_attack":439,"max_lvl_defense":439,"awakens_from":null,"awakens_to":null,"awaken_cost":[],"source":[],"fusion_food":false,"homunculus":false,"craft_cost":null,"craft_materials":[]},{"id":1569,"url":"https://swarfarm.com/api/v2/monsters/1569/","bestiary_slug":"220003-wind-small-crystal","com2us_id":220003,"family_id":220000,"name":"Small Crystal","image_filename":"unit_icon_0008_2_3.png","element":"Wind","archetype":"none","base_stars":1,"natural_stars":1,"obtainable":false,"can_awaken":false,"awaken_level":0,"awaken_bonus":"","skills":[2610],"skill_ups_to_max":0,"leader_skill":null,"homunculus_skills":[],"base_hp":1200,"base_attack":80,"base_defense":80,"speed":110,"crit_rate":15,"crit_damage":50,"resistance":15,"accuracy":0,"raw_hp":40,"raw_attack":40,"raw_defense":40,"max_lvl_hp":6585,"max_lvl_attack":439,"max_lvl_defense":439,"awakens_from":null,"awakens_to":null,"awaken_cost":[],"source":[],"fusion_food":false,"homunculus":false,"craft_cost":null,"craft_materials":[]},{"id":1570,"url":"https://swarfarm.com/api/v2/monsters/1570/","bestiary_slug":"220004-light-small-crystal","com2us_id":220004,"family_id":220000,"name":"Small Crystal","image_filename":"unit_icon_0008_3_3.png","element":"Light","archetype":"none","base_stars":1,"natural_stars":1,"obtainable":false,"can_awaken":false,"awaken_level":0,"awaken_bonus":"","skills":[2611],"skill_ups_to_max":0,"leader_skill":null,"homunculus_skills":[],"base_hp":1200,"base_attack":80,"base_defense":80,"speed":110,"crit_rate":15,"crit_damage":50,"resistance":15,"accuracy":0,"raw_hp":40,"raw_attack":40,"raw_defense":40,"max_lvl_hp":6585,"max_lvl_attack":439,"max_lvl_defense":439,"awakens_from":null,"awakens_to":null,"awaken_cost":[],"source":[],"fusion_food":false,"homunculus":false,"craft_cost":null,"craft_materials":[]},{"id":1571,"url":"https://swarfarm.com/api/v2/monsters/1571/","bestiary_slug":"220005-dark-small-crystal","com2us_id":220005,"family_id":220000,"name":"Small Crystal","image_filename":"unit_icon_0008_4_3.png","element":"Dark","archetype":"none","base_stars":1,"natural_stars":1,"obtainable":false,"can_awaken":false,"awaken_level":0,"awaken_bonus":"","skills":[2612],"skill_ups_to_max":0,"leader_skill":null,"homunculus_skills":[],"base_hp":1200,"base_attack":80,"base_defense":80,"speed":110,"crit_rate":15,"crit_damage":50,"resistance":15,"accuracy":0,"raw_hp":40,"raw_attack":40,"raw_defense":40,"max_lvl_hp":6585,"max_lvl_attack":439,"max_lvl_defense":439,"awakens_from":null,"awakens_to":null,"awaken_cost":[],"source":[],"fusion_food":false,"homunculus":false,"craft_cost":null,"craft_materials":[]},{"id":1572,"url":"https://swarfarm.com/api/v2/monsters/1572/","bestiary_slug":"220011-water-medium-crystal","com2us_id":220011,"family_id":220000,"name":"Medium Crystal","image_filename":"unit_icon_0008_0_3.png","element":"Water","archetype":"none","base_stars":1,"natural_stars":1,"obtainable":false,"can_awaken":false,"awaken_level":0,"awaken_bonus":"","skills":[2613],"skill_ups_to_max":0,"leader_skill":null,"homunculus_skills":[],"base_hp":1200,"base_attack":80,"base_defense":80,"speed":110,"crit_rate":15,"crit_damage":50,"resistance":15,"accuracy":0,"raw_hp":40,"raw_attack":40,"raw_defense":40,"max_lvl_hp":6585,"max_lvl_attack":439,"max_lvl_defense":439,"awakens_from":null,"awakens_to":null,"awaken_cost":[],"source":[],"fusion_food":false,"homunculus":false,"craft_cost":null,"craft_materials":[]},{"id":1573,"url":"https://swarfarm.com/api/v2/monsters/1573/","bestiary_slug":"220012-fire-medium-crystal","com2us_id":220012,"family_id":220000,"name":"Medium Crystal","image_filename":"unit_icon_0008_1_3.png","element":"Fire","archetype":"none","base_stars":1,"natural_stars":1,"obtainable":false,"can_awaken":false,"awaken_level":0,"awaken_bonus":"","skills":[2614],"skill_ups_to_max":0,"leader_skill":null,"homunculus_skills":[],"base_hp":1200,"base_attack":80,"base_defense":80,"speed":110,"crit_rate":15,"crit_damage":50,"resistance":15,"accuracy":0,"raw_hp":40,"raw_attack":40,"raw_defense":40,"max_lvl_hp":6585,"max_lvl_attack":439,"max_lvl_defense":439,"awakens_from":null,"awakens_to":null,"awaken_cost":[],"source":[],"fusion_food":false,"homunculus":false,"craft_cost":null,"craft_materials":[]},{"id":1574,"url":"https://swarfarm.com/api/v2/monsters/1574/","bestiary_slug":"220013-wind-medium-crystal","com2us_id":220013,"family_id":220000,"name":"Medium Crystal","image_filename":"unit_icon_0008_2_3.png","element":"Wind","archetype":"none","base_stars":1,"natural_stars":1,"obtainable":false,"can_awaken":false,"awaken_level":0,"awaken_bonus":"","skills":[2615],"skill_ups_to_max":0,"leader_skill":null,"homunculus_skills":[],"base_hp":1200,"base_attack":80,"base_defense":80,"speed":110,"crit_rate":15,"crit_damage":50,"resistance":15,"accuracy":0,"raw_hp":40,"raw_attack":40,"raw_defense":40,"max_lvl_hp":6585,"max_lvl_attack":439,"max_lvl_defense":439,"awakens_from":null,"awakens_to":null,"awaken_cost":[],"source":[],"fusion_food":false,"homunculus":false,"craft_cost":null,"craft_materials":[]},{"id":1575,"url":"https://swarfarm.com/api/v2/monsters/1575/","bestiary_slug":"220014-light-medium-crystal","com2us_id":220014,"family_id":220000,"name":"Medium Crystal","image_filename":"unit_icon_0008_3_3.png","element":"Light","archetype":"none","base_stars":1,"natural_stars":1,"obtainable":false,"can_awaken":false,"awaken_level":0,"awaken_bonus":"","skills":[2616],"skill_ups_to_max":0,"leader_skill":null,"homunculus_skills":[],"base_hp":1200,"base_attack":80,"base_defense":80,"speed":110,"crit_rate":15,"crit_damage":50,"resistance":15,"accuracy":0,"raw_hp":40,"raw_attack":40,"raw_defense":40,"max_lvl_hp":6585,"max_lvl_attack":439,"max_lvl_defense":439,"awakens_from":null,"awakens_to":null,"awaken_cost":[],"source":[],"fusion_food":false,"homunculus":false,"craft_cost":null,"craft_materials":[]},{"id":1576,"url":"https://swarfarm.com/api/v2/monsters/1576/","bestiary_slug":"220015-dark-medium-crystal","com2us_id":220015,"family_id":220000,"name":"Medium Crystal","image_filename":"unit_icon_0008_4_3.png","element":"Dark","archetype":"none","base_stars":1,"natural_stars":1,"obtainable":false,"can_awaken":false,"awaken_level":0,"awaken_bonus":"","skills":[2617],"skill_ups_to_max":0,"leader_skill":null,"homunculus_skills":[],"base_hp":1200,"base_attack":80,"base_defense":80,"speed":110,"crit_rate":15,"crit_damage":50,"resistance":15,"accuracy":0,"raw_hp":40,"raw_attack":40,"raw_defense":40,"max_lvl_hp":6585,"max_lvl_attack":439,"max_lvl_defense":439,"awakens_from":null,"awakens_to":null,"awaken_cost":[],"source":[],"fusion_food":false,"homunculus":false,"craft_cost":null,"craft_materials":[]},{"id":1577,"url":"https://swarfarm.com/api/v2/monsters/1577/","bestiary_slug":"11501-water-griffon-kahn","com2us_id":11531,"family_id":11500,"name":"Kahn","image_filename":"unit_icon_0055_0_0.png","element":"Water","archetype":"HP","base_stars":6,"natural_stars":3,"obtainable":true,"can_awaken":true,"awaken_level":2,"awaken_bonus":"","skills":[2644,2649,2654],"skill_ups_to_max":5,"leader_skill":{"id":43,"url":"https://swarfarm.com/api/v2/leader-skills/43/","attribute":"Attack Power","amount":30,"area":"Element","element":"Water"},"homunculus_skills":[],"base_hp":13170,"base_attack":494,"base_defense":659,"speed":111,"crit_rate":15,"crit_damage":50,"resistance":15,"accuracy":0,"raw_hp":80,"raw_attack":45,"raw_defense":60,"max_lvl_hp":13170,"max_lvl_attack":494,"max_lvl_defense":659,"awakens_from":316,"awakens_to":null,"awaken_cost":[],"source":[{"id":10,"url":"https://swarfarm.com/api/v2/monster-sources/10/","name":"Secret Dungeon","description":"","farmable_source":true},{"id":6,"url":"https://swarfarm.com/api/v2/monster-sources/6/","name":"Water Scroll","description":"","farmable_source":false},{"id":38,"url":"https://swarfarm.com/api/v2/monster-sources/38/","name":"Mystical Scroll or Crystal Summon","description":"","farmable_source":false},{"id":39,"url":"https://swarfarm.com/api/v2/monster-sources/39/","name":"Unknown Scroll or Social Summon","description":"","farmable_source":false}],"fusion_food":false,"homunculus":false,"craft_cost":null,"craft_materials":[]},{"id":1578,"url":"https://swarfarm.com/api/v2/monsters/1578/","bestiary_slug":"11502-fire-griffon-spectra","com2us_id":11532,"family_id":11500,"name":"Spectra","image_filename":"unit_icon_0055_0_1.png","element":"Fire","archetype":"Support","base_stars":6,"natural_stars":3,"obtainable":true,"can_awaken":true,"awaken_level":2,"awaken_bonus":"","skills":[2645,2650,2655],"skill_ups_to_max":5,"leader_skill":null,"homunculus_skills":[],"base_hp":10215,"base_attack":659,"base_defense":692,"speed":126,"crit_rate":15,"crit_damage":50,"resistance":15,"accuracy":0,"raw_hp":62,"raw_attack":60,"raw_defense":63,"max_lvl_hp":10215,"max_lvl_attack":659,"max_lvl_defense":692,"awakens_from":188,"awakens_to":null,"awaken_cost":[],"source":[{"id":10,"url":"https://swarfarm.com/api/v2/monster-sources/10/","name":"Secret Dungeon","description":"","farmable_source":true},{"id":5,"url":"https://swarfarm.com/api/v2/monster-sources/5/","name":"Fire Scroll","description":"","farmable_source":false},{"id":38,"url":"https://swarfarm.com/api/v2/monster-sources/38/","name":"Mystical Scroll or Crystal Summon","description":"","farmable_source":false},{"id":39,"url":"https://swarfarm.com/api/v2/monster-sources/39/","name":"Unknown Scroll or Social Summon","description":"","farmable_source":false}],"fusion_food":false,"homunculus":false,"craft_cost":null,"craft_materials":[]},{"id":1579,"url":"https://swarfarm.com/api/v2/monsters/1579/","bestiary_slug":"11503-wind-griffon-bernard","com2us_id":11533,"family_id":11500,"name":"Bernard","image_filename":"unit_icon_0055_0_2.png","element":"Wind","archetype":"Support","base_stars":6,"natural_stars":3,"obtainable":true,"can_awaken":true,"awaken_level":2,"awaken_bonus":"","skills":[2646,2651,2656],"skill_ups_to_max":5,"leader_skill":{"id":44,"url":"https://swarfarm.com/api/v2/leader-skills/44/","attribute":"Attack Power","amount":30,"area":"Element","element":"Wind"},"homunculus_skills":[],"base_hp":11370,"base_attack":549,"base_defense":725,"speed":111,"crit_rate":15,"crit_damage":50,"resistance":15,"accuracy":0,"raw_hp":69,"raw_attack":50,"raw_defense":66,"max_lvl_hp":11370,"max_lvl_attack":549,"max_lvl_defense":725,"awakens_from":368,"awakens_to":null,"awaken_cost":[],"source":[{"id":17,"url":"https://swarfarm.com/api/v2/monster-sources/17/","name":"Tamor Desert","description":"","farmable_source":true},{"id":7,"url":"https://swarfarm.com/api/v2/monster-sources/7/","name":"Wind Scroll","description":"","farmable_source":false},{"id":38,"url":"https://swarfarm.com/api/v2/monster-sources/38/","name":"Mystical Scroll or Crystal Summon","description":"","farmable_source":false},{"id":39,"url":"https://swarfarm.com/api/v2/monster-sources/39/","name":"Unknown Scroll or Social Summon","description":"","farmable_source":false}],"fusion_food":false,"homunculus":false,"craft_cost":null,"craft_materials":[]},{"id":1580,"url":"https://swarfarm.com/api/v2/monsters/1580/","bestiary_slug":"11504-light-griffon-shamann","com2us_id":11534,"family_id":11500,"name":"Shamann","image_filename":"unit_icon_0055_0_3.png","element":"Light","archetype":"Defense","base_stars":6,"natural_stars":3,"obtainable":true,"can_awaken":true,"awaken_level":2,"awaken_bonus":"","skills":[2647,2652,2657],"skill_ups_to_max":4,"leader_skill":{"id":45,"url":"https://swarfarm.com/api/v2/leader-skills/45/","attribute":"Attack Power","amount":30,"area":"Element","element":"Light"},"homunculus_skills":[],"base_hp":11370,"base_attack":505,"base_defense":769,"speed":111,"crit_rate":15,"crit_damage":50,"resistance":15,"accuracy":0,"raw_hp":69,"raw_attack":46,"raw_defense":70,"max_lvl_hp":11370,"max_lvl_attack":505,"max_lvl_defense":769,"awakens_from":424,"awakens_to":null,"awaken_cost":[],"source":[{"id":4,"url":"https://swarfarm.com/api/v2/monster-sources/4/","name":"Scroll of Light and Darkness","description":"","farmable_source":false}],"fusion_food":false,"homunculus":false,"craft_cost":null,"craft_materials":[]},{"id":1581,"url":"https://swarfarm.com/api/v2/monsters/1581/","bestiary_slug":"11505-dark-griffon-varus","com2us_id":11535,"family_id":11500,"name":"Varus","image_filename":"unit_icon_0055_0_4.png","element":"Dark","archetype":"Defense","base_stars":6,"natural_stars":3,"obtainable":true,"can_awaken":true,"awaken_level":2,"awaken_bonus":"","skills":[2648,2653,2658],"skill_ups_to_max":4,"leader_skill":null,"homunculus_skills":[],"base_hp":11850,"base_attack":505,"base_defense":736,"speed":111,"crit_rate":15,"crit_damage":50,"resistance":15,"accuracy":0,"raw_hp":72,"raw_attack":46,"raw_defense":67,"max_lvl_hp":11850,"max_lvl_attack":505,"max_lvl_defense":736,"awakens_from":480,"awakens_to":null,"awaken_cost":[],"source":[{"id":4,"url":"https://swarfarm.com/api/v2/monster-sources/4/","name":"Scroll of Light and Darkness","description":"","farmable_source":false}],"fusion_food":false,"homunculus":false,"craft_cost":null,"craft_materials":[]},{"id":1582,"url":"https://swarfarm.com/api/v2/monsters/1582/","bestiary_slug":"47701-water-griffon-2a","com2us_id":47701,"family_id":47700,"name":"Griffon 2A","image_filename":"unit_icon_0055_0_0.png","element":"Water","archetype":"none","base_stars":1,"natural_stars":1,"obtainable":false,"can_awaken":false,"awaken_level":0,"awaken_bonus":"","skills":[2659,2664,2669],"skill_ups_to_max":5,"leader_skill":null,"homunculus_skills":[],"base_hp":1200,"base_attack":80,"base_defense":80,"speed":100,"crit_rate":15,"crit_damage":50,"resistance":15,"accuracy":30,"raw_hp":40,"raw_attack":40,"raw_defense":40,"max_lvl_hp":6585,"max_lvl_attack":439,"max_lvl_defense":439,"awakens_from":null,"awakens_to":null,"awaken_cost":[],"source":[],"fusion_food":false,"homunculus":false,"craft_cost":null,"craft_materials":[]},{"id":1583,"url":"https://swarfarm.com/api/v2/monsters/1583/","bestiary_slug":"47702-fire-griffon-2a","com2us_id":47702,"family_id":47700,"name":"Griffon 2A","image_filename":"unit_icon_0055_0_1.png","element":"Fire","archetype":"none","base_stars":1,"natural_stars":1,"obtainable":false,"can_awaken":false,"awaken_level":0,"awaken_bonus":"","skills":[2660,2665,2670],"skill_ups_to_max":5,"leader_skill":null,"homunculus_skills":[],"base_hp":1200,"base_attack":80,"base_defense":80,"speed":100,"crit_rate":15,"crit_damage":50,"resistance":15,"accuracy":30,"raw_hp":40,"raw_attack":40,"raw_defense":40,"max_lvl_hp":6585,"max_lvl_attack":439,"max_lvl_defense":439,"awakens_from":null,"awakens_to":null,"awaken_cost":[],"source":[],"fusion_food":false,"homunculus":false,"craft_cost":null,"craft_materials":[]},{"id":1584,"url":"https://swarfarm.com/api/v2/monsters/1584/","bestiary_slug":"47703-wind-griffon-2a","com2us_id":47703,"family_id":47700,"name":"Griffon 2A","image_filename":"unit_icon_0055_0_2.png","element":"Wind","archetype":"none","base_stars":1,"natural_stars":1,"obtainable":false,"can_awaken":false,"awaken_level":0,"awaken_bonus":"","skills":[2661,2666,2671],"skill_ups_to_max":5,"leader_skill":null,"homunculus_skills":[],"base_hp":1200,"base_attack":80,"base_defense":80,"speed":100,"crit_rate":15,"crit_damage":50,"resistance":15,"accuracy":30,"raw_hp":40,"raw_attack":40,"raw_defense":40,"max_lvl_hp":6585,"max_lvl_attack":439,"max_lvl_defense":439,"awakens_from":null,"awakens_to":null,"awaken_cost":[],"source":[],"fusion_food":false,"homunculus":false,"craft_cost":null,"craft_materials":[]},{"id":1585,"url":"https://swarfarm.com/api/v2/monsters/1585/","bestiary_slug":"47704-light-griffon-2a","com2us_id":47704,"family_id":47700,"name":"Griffon 2A","image_filename":"unit_icon_0055_0_3.png","element":"Light","archetype":"none","base_stars":1,"natural_stars":1,"obtainable":false,"can_awaken":false,"awaken_level":0,"awaken_bonus":"","skills":[2662,2667,2657],"skill_ups_to_max":4,"leader_skill":null,"homunculus_skills":[],"base_hp":1200,"base_attack":80,"base_defense":80,"speed":100,"crit_rate":15,"crit_damage":50,"resistance":15,"accuracy":30,"raw_hp":40,"raw_attack":40,"raw_defense":40,"max_lvl_hp":6585,"max_lvl_attack":439,"max_lvl_defense":439,"awakens_from":null,"awakens_to":null,"awaken_cost":[],"source":[],"fusion_food":false,"homunculus":false,"craft_cost":null,"craft_materials":[]},{"id":1586,"url":"https://swarfarm.com/api/v2/monsters/1586/","bestiary_slug":"47705-dark-griffon-2a","com2us_id":47705,"family_id":47700,"name":"Griffon 2A","image_filename":"unit_icon_0055_0_4.png","element":"Dark","archetype":"none","base_stars":1,"natural_stars":1,"obtainable":false,"can_awaken":false,"awaken_level":0,"awaken_bonus":"","skills":[2663,2668,2658],"skill_ups_to_max":4,"leader_skill":null,"homunculus_skills":[],"base_hp":1200,"base_attack":80,"base_defense":80,"speed":100,"crit_rate":15,"crit_damage":50,"resistance":15,"accuracy":30,"raw_hp":40,"raw_attack":40,"raw_defense":40,"max_lvl_hp":6585,"max_lvl_attack":439,"max_lvl_defense":439,"awakens_from":null,"awakens_to":null,"awaken_cost":[],"source":[],"fusion_food":false,"homunculus":false,"craft_cost":null,"craft_materials":[]},{"id":1587,"url":"https://swarfarm.com/api/v2/monsters/1587/","bestiary_slug":"120701-water-tower","com2us_id":120701,"family_id":100000,"name":"Tower","image_filename":"unit_icon_0008_0_3.png","element":"Water","archetype":"none","base_stars":1,"natural_stars":1,"obtainable":false,"can_awaken":false,"awaken_level":0,"awaken_bonus":"","skills":[2672],"skill_ups_to_max":0,"leader_skill":null,"homunculus_skills":[],"base_hp":1200,"base_attack":80,"base_defense":80,"speed":110,"crit_rate":15,"crit_damage":50,"resistance":15,"accuracy":0,"raw_hp":40,"raw_attack":40,"raw_defense":40,"max_lvl_hp":6585,"max_lvl_attack":439,"max_lvl_defense":439,"awakens_from":null,"awakens_to":null,"awaken_cost":[],"source":[],"fusion_food":false,"homunculus":false,"craft_cost":null,"craft_materials":[]},{"id":1588,"url":"https://swarfarm.com/api/v2/monsters/1588/","bestiary_slug":"120702-fire-tower","com2us_id":120702,"family_id":100000,"name":"Tower","image_filename":"unit_icon_0008_1_3.png","element":"Fire","archetype":"none","base_stars":1,"natural_stars":1,"obtainable":false,"can_awaken":false,"awaken_level":0,"awaken_bonus":"","skills":[2673],"skill_ups_to_max":0,"leader_skill":null,"homunculus_skills":[],"base_hp":1200,"base_attack":80,"base_defense":80,"speed":110,"crit_rate":15,"crit_damage":50,"resistance":15,"accuracy":0,"raw_hp":40,"raw_attack":40,"raw_defense":40,"max_lvl_hp":6585,"max_lvl_attack":439,"max_lvl_defense":439,"awakens_from":null,"awakens_to":null,"awaken_cost":[],"source":[],"fusion_food":false,"homunculus":false,"craft_cost":null,"craft_materials":[]},{"id":1589,"url":"https://swarfarm.com/api/v2/monsters/1589/","bestiary_slug":"120703-wind-tower","com2us_id":120703,"family_id":100000,"name":"Tower","image_filename":"unit_icon_0008_2_3.png","element":"Wind","archetype":"none","base_stars":1,"natural_stars":1,"obtainable":false,"can_awaken":false,"awaken_level":0,"awaken_bonus":"","skills":[2674],"skill_ups_to_max":0,"leader_skill":null,"homunculus_skills":[],"base_hp":1200,"base_attack":80,"base_defense":80,"speed":110,"crit_rate":15,"crit_damage":50,"resistance":15,"accuracy":0,"raw_hp":40,"raw_attack":40,"raw_defense":40,"max_lvl_hp":6585,"max_lvl_attack":439,"max_lvl_defense":439,"awakens_from":null,"awakens_to":null,"awaken_cost":[],"source":[],"fusion_food":false,"homunculus":false,"craft_cost":null,"craft_materials":[]},{"id":1590,"url":"https://swarfarm.com/api/v2/monsters/1590/","bestiary_slug":"120704-light-tower","com2us_id":120704,"family_id":100000,"name":"Tower","image_filename":"unit_icon_0008_3_3.png","element":"Light","archetype":"none","base_stars":1,"natural_stars":1,"obtainable":false,"can_awaken":false,"awaken_level":0,"awaken_bonus":"","skills":[2675],"skill_ups_to_max":0,"leader_skill":null,"homunculus_skills":[],"base_hp":1200,"base_attack":80,"base_defense":80,"speed":110,"crit_rate":15,"crit_damage":50,"resistance":15,"accuracy":0,"raw_hp":40,"raw_attack":40,"raw_defense":40,"max_lvl_hp":6585,"max_lvl_attack":439,"max_lvl_defense":439,"awakens_from":null,"awakens_to":null,"awaken_cost":[],"source":[],"fusion_food":false,"homunculus":false,"craft_cost":null,"craft_materials":[]},{"id":1591,"url":"https://swarfarm.com/api/v2/monsters/1591/","bestiary_slug":"120705-dark-tower","com2us_id":120705,"family_id":100000,"name":"Tower","image_filename":"unit_icon_0008_4_3.png","element":"Dark","archetype":"none","base_stars":1,"natural_stars":1,"obtainable":false,"can_awaken":false,"awaken_level":0,"awaken_bonus":"","skills":[2676],"skill_ups_to_max":0,"leader_skill":null,"homunculus_skills":[],"base_hp":1200,"base_attack":80,"base_defense":80,"speed":110,"crit_rate":15,"crit_damage":50,"resistance":15,"accuracy":0,"raw_hp":40,"raw_attack":40,"raw_defense":40,"max_lvl_hp":6585,"max_lvl_attack":439,"max_lvl_defense":439,"awakens_from":null,"awakens_to":null,"awaken_cost":[],"source":[],"fusion_food":false,"homunculus":false,"craft_cost":null,"craft_materials":[]},{"id":1592,"url":"https://swarfarm.com/api/v2/monsters/1592/","bestiary_slug":"120711-water-tower","com2us_id":120711,"family_id":100000,"name":"Tower","image_filename":"unit_icon_0008_0_3.png","element":"Water","archetype":"none","base_stars":1,"natural_stars":1,"obtainable":false,"can_awaken":false,"awaken_level":0,"awaken_bonus":"","skills":[2677],"skill_ups_to_max":0,"leader_skill":null,"homunculus_skills":[],"base_hp":1200,"base_attack":80,"base_defense":80,"speed":110,"crit_rate":15,"crit_damage":50,"resistance":15,"accuracy":0,"raw_hp":40,"raw_attack":40,"raw_defense":40,"max_lvl_hp":6585,"max_lvl_attack":439,"max_lvl_defense":439,"awakens_from":null,"awakens_to":null,"awaken_cost":[],"source":[],"fusion_food":false,"homunculus":false,"craft_cost":null,"craft_materials":[]},{"id":1593,"url":"https://swarfarm.com/api/v2/monsters/1593/","bestiary_slug":"120712-fire-tower","com2us_id":120712,"family_id":100000,"name":"Tower","image_filename":"unit_icon_0008_1_3.png","element":"Fire","archetype":"none","base_stars":1,"natural_stars":1,"obtainable":false,"can_awaken":false,"awaken_level":0,"awaken_bonus":"","skills":[2678],"skill_ups_to_max":0,"leader_skill":null,"homunculus_skills":[],"base_hp":1200,"base_attack":80,"base_defense":80,"speed":110,"crit_rate":15,"crit_damage":50,"resistance":15,"accuracy":0,"raw_hp":40,"raw_attack":40,"raw_defense":40,"max_lvl_hp":6585,"max_lvl_attack":439,"max_lvl_defense":439,"awakens_from":null,"awakens_to":null,"awaken_cost":[],"source":[],"fusion_food":false,"homunculus":false,"craft_cost":null,"craft_materials":[]},{"id":1594,"url":"https://swarfarm.com/api/v2/monsters/1594/","bestiary_slug":"120713-wind-tower","com2us_id":120713,"family_id":100000,"name":"Tower","image_filename":"unit_icon_0008_2_3.png","element":"Wind","archetype":"none","base_stars":1,"natural_stars":1,"obtainable":false,"can_awaken":false,"awaken_level":0,"awaken_bonus":"","skills":[2679],"skill_ups_to_max":0,"leader_skill":null,"homunculus_skills":[],"base_hp":1200,"base_attack":80,"base_defense":80,"speed":110,"crit_rate":15,"crit_damage":50,"resistance":15,"accuracy":0,"raw_hp":40,"raw_attack":40,"raw_defense":40,"max_lvl_hp":6585,"max_lvl_attack":439,"max_lvl_defense":439,"awakens_from":null,"awakens_to":null,"awaken_cost":[],"source":[],"fusion_food":false,"homunculus":false,"craft_cost":null,"craft_materials":[]},{"id":1595,"url":"https://swarfarm.com/api/v2/monsters/1595/","bestiary_slug":"120714-light-tower","com2us_id":120714,"family_id":100000,"name":"Tower","image_filename":"unit_icon_0008_3_3.png","element":"Light","archetype":"none","base_stars":1,"natural_stars":1,"obtainable":false,"can_awaken":false,"awaken_level":0,"awaken_bonus":"","skills":[2680],"skill_ups_to_max":0,"leader_skill":null,"homunculus_skills":[],"base_hp":1200,"base_attack":80,"base_defense":80,"speed":110,"crit_rate":15,"crit_damage":50,"resistance":15,"accuracy":0,"raw_hp":40,"raw_attack":40,"raw_defense":40,"max_lvl_hp":6585,"max_lvl_attack":439,"max_lvl_defense":439,"awakens_from":null,"awakens_to":null,"awaken_cost":[],"source":[],"fusion_food":false,"homunculus":false,"craft_cost":null,"craft_materials":[]},{"id":1596,"url":"https://swarfarm.com/api/v2/monsters/1596/","bestiary_slug":"120715-dark-tower","com2us_id":120715,"family_id":100000,"name":"Tower","image_filename":"unit_icon_0008_4_3.png","element":"Dark","archetype":"none","base_stars":1,"natural_stars":1,"obtainable":false,"can_awaken":false,"awaken_level":0,"awaken_bonus":"","skills":[2681],"skill_ups_to_max":0,"leader_skill":null,"homunculus_skills":[],"base_hp":1200,"base_attack":80,"base_defense":80,"speed":110,"crit_rate":15,"crit_damage":50,"resistance":15,"accuracy":0,"raw_hp":40,"raw_attack":40,"raw_defense":40,"max_lvl_hp":6585,"max_lvl_attack":439,"max_lvl_defense":439,"awakens_from":null,"awakens_to":null,"awaken_cost":[],"source":[],"fusion_food":false,"homunculus":false,"craft_cost":null,"craft_materials":[]},{"id":1597,"url":"https://swarfarm.com/api/v2/monsters/1597/","bestiary_slug":"23701-water-art-master-haegang","com2us_id":23701,"family_id":23700,"name":"Art Master","image_filename":"unit_icon_0056_0_1.png","element":"Water","archetype":"Support","base_stars":5,"natural_stars":5,"obtainable":true,"can_awaken":true,"awaken_level":0,"awaken_bonus":"Strengthen Skill: Moon Drawn by Clouds","skills":[2686,2691,2696],"skill_ups_to_max":10,"leader_skill":{"id":202,"url":"https://swarfarm.com/api/v2/leader-skills/202/","attribute":"Attack Power","amount":50,"area":"Element","element":"Water"},"homunculus_skills":[],"base_hp":7500,"base_attack":492,"base_defense":460,"speed":101,"crit_rate":15,"crit_damage":50,"resistance":15,"accuracy":0,"raw_hp":62,"raw_attack":61,"raw_defense":57,"max_lvl_hp":10215,"max_lvl_attack":670,"max_lvl_defense":626,"awakens_from":null,"awakens_to":1602,"awaken_cost":[{"item":{"id":15,"com2us_id":13001,"url":"https://swarfarm.com/api/v2/items/15/","name":"Water High Essence","category":"Essence","icon":"essence_water_high.png","description":"","sell_value":null},"quantity":20},{"item":{"id":13,"com2us_id":12001,"url":"https://swarfarm.com/api/v2/items/13/","name":"Water Mid Essence","category":"Essence","icon":"essence_water_mid.png","description":"","sell_value":null},"quantity":10},{"item":{"id":11,"com2us_id":13006,"url":"https://swarfarm.com/api/v2/items/11/","name":"Magic High Essence","category":"Essence","icon":"essence_magic_high.png","description":"","sell_value":null},"quantity":15},{"item":{"id":10,"com2us_id":12006,"url":"https://swarfarm.com/api/v2/items/10/","name":"Magic Mid Essence","category":"Essence","icon":"essence_magic_mid.png","description":"","sell_value":null},"quantity":5}],"source":[{"id":3,"url":"https://swarfarm.com/api/v2/monster-sources/3/","name":"Legendary Scroll","description":"","farmable_source":false},{"id":6,"url":"https://swarfarm.com/api/v2/monster-sources/6/","name":"Water Scroll","description":"","farmable_source":false},{"id":38,"url":"https://swarfarm.com/api/v2/monster-sources/38/","name":"Mystical Scroll or Crystal Summon","description":"","farmable_source":false}],"fusion_food":false,"homunculus":false,"craft_cost":null,"craft_materials":[]},{"id":1598,"url":"https://swarfarm.com/api/v2/monsters/1598/","bestiary_slug":"23702-fire-art-master-jeogun","com2us_id":23702,"family_id":23700,"name":"Art Master","image_filename":"unit_icon_0056_0_2.png","element":"Fire","archetype":"Support","base_stars":5,"natural_stars":5,"obtainable":true,"can_awaken":true,"awaken_level":0,"awaken_bonus":"Increases Accuracy by 25%","skills":[2687,2692,2697],"skill_ups_to_max":11,"leader_skill":{"id":203,"url":"https://swarfarm.com/api/v2/leader-skills/203/","attribute":"Attack Power","amount":50,"area":"Element","element":"Fire"},"homunculus_skills":[],"base_hp":7380,"base_attack":500,"base_defense":460,"speed":101,"crit_rate":15,"crit_damage":50,"resistance":15,"accuracy":0,"raw_hp":61,"raw_attack":62,"raw_defense":57,"max_lvl_hp":10050,"max_lvl_attack":681,"max_lvl_defense":626,"awakens_from":null,"awakens_to":1603,"awaken_cost":[{"item":{"id":18,"com2us_id":13002,"url":"https://swarfarm.com/api/v2/items/18/","name":"Fire High Essence","category":"Essence","icon":"essence_fire_high.png","description":"","sell_value":null},"quantity":20},{"item":{"id":17,"com2us_id":12002,"url":"https://swarfarm.com/api/v2/items/17/","name":"Fire Mid Essence","category":"Essence","icon":"essence_fire_mid.png","description":"","sell_value":null},"quantity":10},{"item":{"id":11,"com2us_id":13006,"url":"https://swarfarm.com/api/v2/items/11/","name":"Magic High Essence","category":"Essence","icon":"essence_magic_high.png","description":"","sell_value":null},"quantity":15},{"item":{"id":10,"com2us_id":12006,"url":"https://swarfarm.com/api/v2/items/10/","name":"Magic Mid Essence","category":"Essence","icon":"essence_magic_mid.png","description":"","sell_value":null},"quantity":5}],"source":[{"id":3,"url":"https://swarfarm.com/api/v2/monster-sources/3/","name":"Legendary Scroll","description":"","farmable_source":false},{"id":5,"url":"https://swarfarm.com/api/v2/monster-sources/5/","name":"Fire Scroll","description":"","farmable_source":false},{"id":38,"url":"https://swarfarm.com/api/v2/monster-sources/38/","name":"Mystical Scroll or Crystal Summon","description":"","farmable_source":false}],"fusion_food":false,"homunculus":false,"craft_cost":null,"craft_materials":[]},{"id":1599,"url":"https://swarfarm.com/api/v2/monsters/1599/","bestiary_slug":"23703-wind-art-master-cheongpung","com2us_id":23703,"family_id":23700,"name":"Art Master","image_filename":"unit_icon_0056_0_3.png","element":"Wind","archetype":"Attack","base_stars":5,"natural_stars":5,"obtainable":true,"can_awaken":true,"awaken_level":0,"awaken_bonus":"Strengthen Skill: Moon Drawn by Clouds","skills":[2688,2693,2698],"skill_ups_to_max":13,"leader_skill":{"id":204,"url":"https://swarfarm.com/api/v2/leader-skills/204/","attribute":"Attack Power","amount":50,"area":"Element","element":"Wind"},"homunculus_skills":[],"base_hp":7260,"base_attack":581,"base_defense":387,"speed":101,"crit_rate":15,"crit_damage":50,"resistance":15,"accuracy":0,"raw_hp":60,"raw_attack":72,"raw_defense":48,"max_lvl_hp":9885,"max_lvl_attack":790,"max_lvl_defense":527,"awakens_from":null,"awakens_to":1604,"awaken_cost":[{"item":{"id":21,"com2us_id":13003,"url":"https://swarfarm.com/api/v2/items/21/","name":"Wind High Essence","category":"Essence","icon":"essence_wind_high.png","description":"","sell_value":null},"quantity":20},{"item":{"id":20,"com2us_id":12003,"url":"https://swarfarm.com/api/v2/items/20/","name":"Wind Mid Essence","category":"Essence","icon":"essence_wind_mid.png","description":"","sell_value":null},"quantity":10},{"item":{"id":11,"com2us_id":13006,"url":"https://swarfarm.com/api/v2/items/11/","name":"Magic High Essence","category":"Essence","icon":"essence_magic_high.png","description":"","sell_value":null},"quantity":15},{"item":{"id":10,"com2us_id":12006,"url":"https://swarfarm.com/api/v2/items/10/","name":"Magic Mid Essence","category":"Essence","icon":"essence_magic_mid.png","description":"","sell_value":null},"quantity":5}],"source":[{"id":3,"url":"https://swarfarm.com/api/v2/monster-sources/3/","name":"Legendary Scroll","description":"","farmable_source":false},{"id":7,"url":"https://swarfarm.com/api/v2/monster-sources/7/","name":"Wind Scroll","description":"","farmable_source":false},{"id":38,"url":"https://swarfarm.com/api/v2/monster-sources/38/","name":"Mystical Scroll or Crystal Summon","description":"","farmable_source":false}],"fusion_food":false,"homunculus":false,"craft_cost":null,"craft_materials":[]},{"id":1600,"url":"https://swarfarm.com/api/v2/monsters/1600/","bestiary_slug":"23704-light-art-master-hanwul","com2us_id":23704,"family_id":23700,"name":"Art Master","image_filename":"unit_icon_0056_0_4.png","element":"Light","archetype":"Attack","base_stars":5,"natural_stars":5,"obtainable":true,"can_awaken":true,"awaken_level":0,"awaken_bonus":"Increases CRI Rate by 15%","skills":[2689,2694,2699],"skill_ups_to_max":11,"leader_skill":{"id":205,"url":"https://swarfarm.com/api/v2/leader-skills/205/","attribute":"Attack Power","amount":50,"area":"Element","element":"Light"},"homunculus_skills":[],"base_hp":6900,"base_attack":589,"base_defense":404,"speed":101,"crit_rate":15,"crit_damage":50,"resistance":15,"accuracy":0,"raw_hp":57,"raw_attack":73,"raw_defense":50,"max_lvl_hp":9390,"max_lvl_attack":801,"max_lvl_defense":549,"awakens_from":null,"awakens_to":1605,"awaken_cost":[{"item":{"id":24,"com2us_id":13004,"url":"https://swarfarm.com/api/v2/items/24/","name":"Light High Essence","category":"Essence","icon":"essence_light_high.png","description":"","sell_value":null},"quantity":20},{"item":{"id":23,"com2us_id":12004,"url":"https://swarfarm.com/api/v2/items/23/","name":"Light Mid Essence","category":"Essence","icon":"essence_light_mid.png","description":"","sell_value":null},"quantity":10},{"item":{"id":11,"com2us_id":13006,"url":"https://swarfarm.com/api/v2/items/11/","name":"Magic High Essence","category":"Essence","icon":"essence_magic_high.png","description":"","sell_value":null},"quantity":15},{"item":{"id":10,"com2us_id":12006,"url":"https://swarfarm.com/api/v2/items/10/","name":"Magic Mid Essence","category":"Essence","icon":"essence_magic_mid.png","description":"","sell_value":null},"quantity":5}],"source":[{"id":4,"url":"https://swarfarm.com/api/v2/monster-sources/4/","name":"Scroll of Light and Darkness","description":"","farmable_source":false}],"fusion_food":false,"homunculus":false,"craft_cost":null,"craft_materials":[]},{"id":1601,"url":"https://swarfarm.com/api/v2/monsters/1601/","bestiary_slug":"23705-dark-art-master-mookwol","com2us_id":23705,"family_id":23700,"name":"Art Master","image_filename":"unit_icon_0056_0_5.png","element":"Dark","archetype":"Support","base_stars":5,"natural_stars":5,"obtainable":true,"can_awaken":true,"awaken_level":0,"awaken_bonus":"Increases SPD by 15","skills":[2690,2695,2700],"skill_ups_to_max":12,"leader_skill":{"id":206,"url":"https://swarfarm.com/api/v2/leader-skills/206/","attribute":"Attack Power","amount":50,"area":"Element","element":"Dark"},"homunculus_skills":[],"base_hp":7635,"base_attack":525,"base_defense":420,"speed":101,"crit_rate":15,"crit_damage":50,"resistance":15,"accuracy":0,"raw_hp":63,"raw_attack":65,"raw_defense":52,"max_lvl_hp":10380,"max_lvl_attack":714,"max_lvl_defense":571,"awakens_from":null,"awakens_to":1606,"awaken_cost":[{"item":{"id":27,"com2us_id":13005,"url":"https://swarfarm.com/api/v2/items/27/","name":"Dark High Essence","category":"Essence","icon":"essence_dark_high.png","description":"","sell_value":null},"quantity":20},{"item":{"id":26,"com2us_id":12005,"url":"https://swarfarm.com/api/v2/items/26/","name":"Dark Mid Essence","category":"Essence","icon":"essence_dark_mid.png","description":"","sell_value":null},"quantity":10},{"item":{"id":11,"com2us_id":13006,"url":"https://swarfarm.com/api/v2/items/11/","name":"Magic High Essence","category":"Essence","icon":"essence_magic_high.png","description":"","sell_value":null},"quantity":15},{"item":{"id":10,"com2us_id":12006,"url":"https://swarfarm.com/api/v2/items/10/","name":"Magic Mid Essence","category":"Essence","icon":"essence_magic_mid.png","description":"","sell_value":null},"quantity":5}],"source":[{"id":4,"url":"https://swarfarm.com/api/v2/monster-sources/4/","name":"Scroll of Light and Darkness","description":"","farmable_source":false}],"fusion_food":false,"homunculus":false,"craft_cost":null,"craft_materials":[]},{"id":1602,"url":"https://swarfarm.com/api/v2/monsters/1602/","bestiary_slug":"23701-water-art-master-haegang","com2us_id":23711,"family_id":23700,"name":"Haegang","image_filename":"unit_icon_0056_1_1.png","element":"Water","archetype":"Support","base_stars":6,"natural_stars":5,"obtainable":true,"can_awaken":true,"awaken_level":1,"awaken_bonus":"","skills":[2686,3100,2696],"skill_ups_to_max":10,"leader_skill":{"id":202,"url":"https://swarfarm.com/api/v2/leader-skills/202/","attribute":"Attack Power","amount":50,"area":"Element","element":"Water"},"homunculus_skills":[],"base_hp":11040,"base_attack":747,"base_defense":659,"speed":102,"crit_rate":15,"crit_damage":50,"resistance":15,"accuracy":0,"raw_hp":67,"raw_attack":68,"raw_defense":60,"max_lvl_hp":11040,"max_lvl_attack":747,"max_lvl_defense":659,"awakens_from":1597,"awakens_to":null,"awaken_cost":[],"source":[{"id":3,"url":"https://swarfarm.com/api/v2/monster-sources/3/","name":"Legendary Scroll","description":"","farmable_source":false},{"id":6,"url":"https://swarfarm.com/api/v2/monster-sources/6/","name":"Water Scroll","description":"","farmable_source":false},{"id":38,"url":"https://swarfarm.com/api/v2/monster-sources/38/","name":"Mystical Scroll or Crystal Summon","description":"","farmable_source":false}],"fusion_food":false,"homunculus":false,"craft_cost":null,"craft_materials":[]},{"id":1603,"url":"https://swarfarm.com/api/v2/monsters/1603/","bestiary_slug":"23702-fire-art-master-jeogun","com2us_id":23712,"family_id":23700,"name":"Jeogun","image_filename":"unit_icon_0056_1_2.png","element":"Fire","archetype":"Support","base_stars":6,"natural_stars":5,"obtainable":true,"can_awaken":true,"awaken_level":1,"awaken_bonus":"","skills":[2687,2692,2697],"skill_ups_to_max":11,"leader_skill":{"id":203,"url":"https://swarfarm.com/api/v2/leader-skills/203/","attribute":"Attack Power","amount":50,"area":"Element","element":"Fire"},"homunculus_skills":[],"base_hp":10710,"base_attack":758,"base_defense":670,"speed":102,"crit_rate":15,"crit_damage":50,"resistance":15,"accuracy":25,"raw_hp":65,"raw_attack":69,"raw_defense":61,"max_lvl_hp":10710,"max_lvl_attack":758,"max_lvl_defense":670,"awakens_from":1598,"awakens_to":null,"awaken_cost":[],"source":[{"id":3,"url":"https://swarfarm.com/api/v2/monster-sources/3/","name":"Legendary Scroll","description":"","farmable_source":false},{"id":5,"url":"https://swarfarm.com/api/v2/monster-sources/5/","name":"Fire Scroll","description":"","farmable_source":false},{"id":38,"url":"https://swarfarm.com/api/v2/monster-sources/38/","name":"Mystical Scroll or Crystal Summon","description":"","farmable_source":false}],"fusion_food":false,"homunculus":false,"craft_cost":null,"craft_materials":[]},{"id":1604,"url":"https://swarfarm.com/api/v2/monsters/1604/","bestiary_slug":"23703-wind-art-master-cheongpung","com2us_id":23713,"family_id":23700,"name":"Cheongpung","image_filename":"unit_icon_0056_1_3.png","element":"Wind","archetype":"Attack","base_stars":6,"natural_stars":5,"obtainable":true,"can_awaken":true,"awaken_level":1,"awaken_bonus":"","skills":[2688,2983,2698],"skill_ups_to_max":13,"leader_skill":{"id":204,"url":"https://swarfarm.com/api/v2/leader-skills/204/","attribute":"Attack Power","amount":50,"area":"Element","element":"Wind"},"homunculus_skills":[],"base_hp":10545,"base_attack":867,"base_defense":571,"speed":102,"crit_rate":15,"crit_damage":50,"resistance":15,"accuracy":0,"raw_hp":64,"raw_attack":79,"raw_defense":52,"max_lvl_hp":10545,"max_lvl_attack":867,"max_lvl_defense":571,"awakens_from":1599,"awakens_to":null,"awaken_cost":[],"source":[{"id":3,"url":"https://swarfarm.com/api/v2/monster-sources/3/","name":"Legendary Scroll","description":"","farmable_source":false},{"id":7,"url":"https://swarfarm.com/api/v2/monster-sources/7/","name":"Wind Scroll","description":"","farmable_source":false},{"id":38,"url":"https://swarfarm.com/api/v2/monster-sources/38/","name":"Mystical Scroll or Crystal Summon","description":"","farmable_source":false}],"fusion_food":false,"homunculus":false,"craft_cost":null,"craft_materials":[]},{"id":1605,"url":"https://swarfarm.com/api/v2/monsters/1605/","bestiary_slug":"23704-light-art-master-hanwul","com2us_id":23714,"family_id":23700,"name":"Hanwul","image_filename":"unit_icon_0056_1_4.png","element":"Light","archetype":"Attack","base_stars":6,"natural_stars":5,"obtainable":true,"can_awaken":true,"awaken_level":1,"awaken_bonus":"","skills":[2689,2694,2699],"skill_ups_to_max":11,"leader_skill":{"id":205,"url":"https://swarfarm.com/api/v2/leader-skills/205/","attribute":"Attack Power","amount":50,"area":"Element","element":"Light"},"homunculus_skills":[],"base_hp":10050,"base_attack":878,"base_defense":593,"speed":102,"crit_rate":30,"crit_damage":50,"resistance":15,"accuracy":0,"raw_hp":61,"raw_attack":80,"raw_defense":54,"max_lvl_hp":10050,"max_lvl_attack":878,"max_lvl_defense":593,"awakens_from":1600,"awakens_to":null,"awaken_cost":[],"source":[{"id":4,"url":"https://swarfarm.com/api/v2/monster-sources/4/","name":"Scroll of Light and Darkness","description":"","farmable_source":false}],"fusion_food":false,"homunculus":false,"craft_cost":null,"craft_materials":[]},{"id":1606,"url":"https://swarfarm.com/api/v2/monsters/1606/","bestiary_slug":"23705-dark-art-master-mookwol","com2us_id":23715,"family_id":23700,"name":"Mookwol","image_filename":"unit_icon_0056_1_5.png","element":"Dark","archetype":"Support","base_stars":6,"natural_stars":5,"obtainable":true,"can_awaken":true,"awaken_level":1,"awaken_bonus":"","skills":[2690,2695,2700],"skill_ups_to_max":12,"leader_skill":{"id":206,"url":"https://swarfarm.com/api/v2/leader-skills/206/","attribute":"Attack Power","amount":50,"area":"Element","element":"Dark"},"homunculus_skills":[],"base_hp":11370,"base_attack":769,"base_defense":615,"speed":117,"crit_rate":15,"crit_damage":50,"resistance":15,"accuracy":0,"raw_hp":69,"raw_attack":70,"raw_defense":56,"max_lvl_hp":11370,"max_lvl_attack":769,"max_lvl_defense":615,"awakens_from":1601,"awakens_to":null,"awaken_cost":[],"source":[{"id":4,"url":"https://swarfarm.com/api/v2/monster-sources/4/","name":"Scroll of Light and Darkness","description":"","farmable_source":false}],"fusion_food":false,"homunculus":false,"craft_cost":null,"craft_materials":[]},{"id":1607,"url":"https://swarfarm.com/api/v2/monsters/1607/","bestiary_slug":"23801-water","com2us_id":23801,"family_id":23800,"name":"족자(물)","image_filename":"unit_icon_0000_0_0.png","element":"Water","archetype":"none","base_stars":1,"natural_stars":1,"obtainable":false,"can_awaken":false,"awaken_level":0,"awaken_bonus":"","skills":[],"skill_ups_to_max":null,"leader_skill":null,"homunculus_skills":[],"base_hp":1800,"base_attack":120,"base_defense":90,"speed":100,"crit_rate":15,"crit_damage":50,"resistance":15,"accuracy":0,"raw_hp":60,"raw_attack":60,"raw_defense":45,"max_lvl_hp":9885,"max_lvl_attack":659,"max_lvl_defense":494,"awakens_from":null,"awakens_to":null,"awaken_cost":[],"source":[],"fusion_food":false,"homunculus":false,"craft_cost":null,"craft_materials":[]},{"id":1608,"url":"https://swarfarm.com/api/v2/monsters/1608/","bestiary_slug":"23802-fire","com2us_id":23802,"family_id":23800,"name":"족자(불)","image_filename":"unit_icon_0000_0_0.png","element":"Fire","archetype":"none","base_stars":1,"natural_stars":1,"obtainable":false,"can_awaken":false,"awaken_level":0,"awaken_bonus":"","skills":[],"skill_ups_to_max":null,"leader_skill":null,"homunculus_skills":[],"base_hp":1800,"base_attack":120,"base_defense":90,"speed":100,"crit_rate":15,"crit_damage":50,"resistance":15,"accuracy":0,"raw_hp":60,"raw_attack":60,"raw_defense":45,"max_lvl_hp":9885,"max_lvl_attack":659,"max_lvl_defense":494,"awakens_from":null,"awakens_to":null,"awaken_cost":[],"source":[],"fusion_food":false,"homunculus":false,"craft_cost":null,"craft_materials":[]},{"id":1609,"url":"https://swarfarm.com/api/v2/monsters/1609/","bestiary_slug":"23803-wind","com2us_id":23803,"family_id":23800,"name":"족자(바람)","image_filename":"unit_icon_0000_0_0.png","element":"Wind","archetype":"none","base_stars":1,"natural_stars":1,"obtainable":false,"can_awaken":false,"awaken_level":0,"awaken_bonus":"","skills":[],"skill_ups_to_max":null,"leader_skill":null,"homunculus_skills":[],"base_hp":1800,"base_attack":120,"base_defense":90,"speed":100,"crit_rate":15,"crit_damage":50,"resistance":15,"accuracy":0,"raw_hp":60,"raw_attack":60,"raw_defense":45,"max_lvl_hp":9885,"max_lvl_attack":659,"max_lvl_defense":494,"awakens_from":null,"awakens_to":null,"awaken_cost":[],"source":[],"fusion_food":false,"homunculus":false,"craft_cost":null,"craft_materials":[]},{"id":1610,"url":"https://swarfarm.com/api/v2/monsters/1610/","bestiary_slug":"23804-light","com2us_id":23804,"family_id":23800,"name":"족자(빛)","image_filename":"unit_icon_0000_0_0.png","element":"Light","archetype":"none","base_stars":1,"natural_stars":1,"obtainable":false,"can_awaken":false,"awaken_level":0,"awaken_bonus":"","skills":[],"skill_ups_to_max":null,"leader_skill":null,"homunculus_skills":[],"base_hp":1800,"base_attack":120,"base_defense":90,"speed":100,"crit_rate":15,"crit_damage":50,"resistance":15,"accuracy":0,"raw_hp":60,"raw_attack":60,"raw_defense":45,"max_lvl_hp":9885,"max_lvl_attack":659,"max_lvl_defense":494,"awakens_from":null,"awakens_to":null,"awaken_cost":[],"source":[],"fusion_food":false,"homunculus":false,"craft_cost":null,"craft_materials":[]},{"id":1611,"url":"https://swarfarm.com/api/v2/monsters/1611/","bestiary_slug":"23805-dark","com2us_id":23805,"family_id":23800,"name":"족자(어둠)","image_filename":"unit_icon_0000_0_0.png","element":"Dark","archetype":"none","base_stars":1,"natural_stars":1,"obtainable":false,"can_awaken":false,"awaken_level":0,"awaken_bonus":"","skills":[],"skill_ups_to_max":null,"leader_skill":null,"homunculus_skills":[],"base_hp":1800,"base_attack":120,"base_defense":90,"speed":100,"crit_rate":15,"crit_damage":50,"resistance":15,"accuracy":0,"raw_hp":60,"raw_attack":60,"raw_defense":45,"max_lvl_hp":9885,"max_lvl_attack":659,"max_lvl_defense":494,"awakens_from":null,"awakens_to":null,"awaken_cost":[],"source":[],"fusion_food":false,"homunculus":false,"craft_cost":null,"craft_materials":[]},{"id":1612,"url":"https://swarfarm.com/api/v2/monsters/1612/","bestiary_slug":"23806-pure","com2us_id":23806,"family_id":23800,"name":"족자(무)","image_filename":"unit_icon_0000_0_0.png","element":"Pure","archetype":"none","base_stars":1,"natural_stars":1,"obtainable":false,"can_awaken":false,"awaken_level":0,"awaken_bonus":"","skills":[],"skill_ups_to_max":null,"leader_skill":null,"homunculus_skills":[],"base_hp":1800,"base_attack":120,"base_defense":90,"speed":100,"crit_rate":15,"crit_damage":50,"resistance":15,"accuracy":0,"raw_hp":60,"raw_attack":60,"raw_defense":45,"max_lvl_hp":9885,"max_lvl_attack":659,"max_lvl_defense":494,"awakens_from":null,"awakens_to":null,"awaken_cost":[],"source":[],"fusion_food":false,"homunculus":false,"craft_cost":null,"craft_materials":[]},{"id":1613,"url":"https://swarfarm.com/api/v2/monsters/1613/","bestiary_slug":"23901-water-string-master-songseol","com2us_id":23901,"family_id":23900,"name":"String Master","image_filename":"unit_icon_0057_0_1.png","element":"Water","archetype":"Support","base_stars":4,"natural_stars":4,"obtainable":true,"can_awaken":true,"awaken_level":0,"awaken_bonus":"Leader Skill: Increases Accuracy of ally monsters in Guild content by 40%","skills":[2701,2706,2711],"skill_ups_to_max":12,"leader_skill":null,"homunculus_skills":[],"base_hp":5430,"base_attack":333,"base_defense":285,"speed":106,"crit_rate":15,"crit_damage":50,"resistance":15,"accuracy":0,"raw_hp":61,"raw_attack":56,"raw_defense":48,"max_lvl_hp":10050,"max_lvl_attack":615,"max_lvl_defense":527,"awakens_from":null,"awakens_to":1618,"awaken_cost":[{"item":{"id":15,"com2us_id":13001,"url":"https://swarfarm.com/api/v2/items/15/","name":"Water High Essence","category":"Essence","icon":"essence_water_high.png","description":"","sell_value":null},"quantity":10},{"item":{"id":13,"com2us_id":12001,"url":"https://swarfarm.com/api/v2/items/13/","name":"Water Mid Essence","category":"Essence","icon":"essence_water_mid.png","description":"","sell_value":null},"quantity":20},{"item":{"id":11,"com2us_id":13006,"url":"https://swarfarm.com/api/v2/items/11/","name":"Magic High Essence","category":"Essence","icon":"essence_magic_high.png","description":"","sell_value":null},"quantity":5},{"item":{"id":10,"com2us_id":12006,"url":"https://swarfarm.com/api/v2/items/10/","name":"Magic Mid Essence","category":"Essence","icon":"essence_magic_mid.png","description":"","sell_value":null},"quantity":15}],"source":[{"id":3,"url":"https://swarfarm.com/api/v2/monster-sources/3/","name":"Legendary Scroll","description":"","farmable_source":false},{"id":6,"url":"https://swarfarm.com/api/v2/monster-sources/6/","name":"Water Scroll","description":"","farmable_source":false},{"id":38,"url":"https://swarfarm.com/api/v2/monster-sources/38/","name":"Mystical Scroll or Crystal Summon","description":"","farmable_source":false}],"fusion_food":false,"homunculus":false,"craft_cost":null,"craft_materials":[]},{"id":1614,"url":"https://swarfarm.com/api/v2/monsters/1614/","bestiary_slug":"23902-fire-string-master-hongyeon","com2us_id":23902,"family_id":23900,"name":"String Master","image_filename":"unit_icon_0057_0_2.png","element":"Fire","archetype":"Support","base_stars":4,"natural_stars":4,"obtainable":true,"can_awaken":true,"awaken_level":0,"awaken_bonus":"Leader Skill: Increases HP of ally monsters in Guild content by 33%","skills":[2702,2707,2712],"skill_ups_to_max":12,"leader_skill":null,"homunculus_skills":[],"base_hp":5700,"base_attack":273,"base_defense":327,"speed":106,"crit_rate":15,"crit_damage":50,"resistance":15,"accuracy":0,"raw_hp":64,"raw_attack":46,"raw_defense":55,"max_lvl_hp":10545,"max_lvl_attack":505,"max_lvl_defense":604,"awakens_from":null,"awakens_to":1619,"awaken_cost":[{"item":{"id":18,"com2us_id":13002,"url":"https://swarfarm.com/api/v2/items/18/","name":"Fire High Essence","category":"Essence","icon":"essence_fire_high.png","description":"","sell_value":null},"quantity":10},{"item":{"id":17,"com2us_id":12002,"url":"https://swarfarm.com/api/v2/items/17/","name":"Fire Mid Essence","category":"Essence","icon":"essence_fire_mid.png","description":"","sell_value":null},"quantity":20},{"item":{"id":11,"com2us_id":13006,"url":"https://swarfarm.com/api/v2/items/11/","name":"Magic High Essence","category":"Essence","icon":"essence_magic_high.png","description":"","sell_value":null},"quantity":5},{"item":{"id":10,"com2us_id":12006,"url":"https://swarfarm.com/api/v2/items/10/","name":"Magic Mid Essence","category":"Essence","icon":"essence_magic_mid.png","description":"","sell_value":null},"quantity":15}],"source":[{"id":3,"url":"https://swarfarm.com/api/v2/monster-sources/3/","name":"Legendary Scroll","description":"","farmable_source":false},{"id":5,"url":"https://swarfarm.com/api/v2/monster-sources/5/","name":"Fire Scroll","description":"","farmable_source":false},{"id":38,"url":"https://swarfarm.com/api/v2/monster-sources/38/","name":"Mystical Scroll or Crystal Summon","description":"","farmable_source":false}],"fusion_food":false,"homunculus":false,"craft_cost":null,"craft_materials":[]},{"id":1615,"url":"https://swarfarm.com/api/v2/monsters/1615/","bestiary_slug":"23903-wind-string-master-yeonhwa","com2us_id":23903,"family_id":23900,"name":"String Master","image_filename":"unit_icon_0057_0_3.png","element":"Wind","archetype":"Support","base_stars":4,"natural_stars":4,"obtainable":true,"can_awaken":true,"awaken_level":0,"awaken_bonus":"Leader Skill: Increases Resistance of ally monsters in Guild content by 40%","skills":[2703,2708,2713],"skill_ups_to_max":12,"leader_skill":null,"homunculus_skills":[],"base_hp":5265,"base_attack":273,"base_defense":356,"speed":106,"crit_rate":15,"crit_damage":50,"resistance":15,"accuracy":0,"raw_hp":59,"raw_attack":46,"raw_defense":60,"max_lvl_hp":9720,"max_lvl_attack":505,"max_lvl_defense":659,"awakens_from":null,"awakens_to":1620,"awaken_cost":[{"item":{"id":10,"com2us_id":12006,"url":"https://swarfarm.com/api/v2/items/10/","name":"Magic Mid Essence","category":"Essence","icon":"essence_magic_mid.png","description":"","sell_value":null},"quantity":15},{"item":{"id":21,"com2us_id":13003,"url":"https://swarfarm.com/api/v2/items/21/","name":"Wind High Essence","category":"Essence","icon":"essence_wind_high.png","description":"","sell_value":null},"quantity":10},{"item":{"id":20,"com2us_id":12003,"url":"https://swarfarm.com/api/v2/items/20/","name":"Wind Mid Essence","category":"Essence","icon":"essence_wind_mid.png","description":"","sell_value":null},"quantity":20},{"item":{"id":11,"com2us_id":13006,"url":"https://swarfarm.com/api/v2/items/11/","name":"Magic High Essence","category":"Essence","icon":"essence_magic_high.png","description":"","sell_value":null},"quantity":5}],"source":[{"id":3,"url":"https://swarfarm.com/api/v2/monster-sources/3/","name":"Legendary Scroll","description":"","farmable_source":false},{"id":7,"url":"https://swarfarm.com/api/v2/monster-sources/7/","name":"Wind Scroll","description":"","farmable_source":false},{"id":38,"url":"https://swarfarm.com/api/v2/monster-sources/38/","name":"Mystical Scroll or Crystal Summon","description":"","farmable_source":false}],"fusion_food":false,"homunculus":false,"craft_cost":null,"craft_materials":[]}]}