{"count":1831,"next":null,"previous":"https://swarfarm.com/api/v2/monsters/?format=json&page=18","results":[{"id":1816,"url":"https://swarfarm.com/api/v2/monsters/1816/?format=json","bestiary_slug":"25105-dark-onimusha-ongyouki","com2us_id":25115,"family_id":25100,"name":"Ongyouki","image_filename":"unit_icon_0073_1_5.png","element":"Dark","archetype":"Attack","base_stars":6,"natural_stars":5,"obtainable":true,"can_awaken":true,"awaken_level":1,"awaken_bonus":"","skills":[3089,3094,3099],"skill_ups_to_max":10,"leader_skill":{"id":97,"url":"https://swarfarm.com/api/v2/leader-skills/97/?format=json","attribute":"HP","amount":33,"area":"Arena","element":null},"homunculus_skills":[],"base_hp":9885,"base_attack":878,"base_defense":604,"speed":115,"crit_rate":15,"crit_damage":50,"resistance":15,"accuracy":0,"raw_hp":60,"raw_attack":80,"raw_defense":55,"max_lvl_hp":9885,"max_lvl_attack":878,"max_lvl_defense":604,"awakens_from":1811,"awakens_to":null,"awaken_cost":[],"source":[{"id":4,"url":"https://swarfarm.com/api/v2/monster-sources/4/?format=json","name":"Scroll of Light and Darkness","description":"","farmable_source":false}],"fusion_food":false,"homunculus":false,"craft_cost":null,"craft_materials":[]},{"id":1817,"url":"https://swarfarm.com/api/v2/monsters/1817/?format=json","bestiary_slug":"12001-water-high-elemental-ellena","com2us_id":12031,"family_id":12000,"name":"Ellena","image_filename":"unit_icon_0074_3_1.png","element":"Water","archetype":"Attack","base_stars":6,"natural_stars":3,"obtainable":true,"can_awaken":true,"awaken_level":2,"awaken_bonus":"","skills":[3101,3106,3111],"skill_ups_to_max":6,"leader_skill":{"id":49,"url":"https://swarfarm.com/api/v2/leader-skills/49/?format=json","attribute":"Critical Rate","amount":23,"area":"Element","element":"Water"},"homunculus_skills":[],"base_hp":7905,"base_attack":867,"base_defense":637,"speed":103,"crit_rate":15,"crit_damage":50,"resistance":15,"accuracy":0,"raw_hp":48,"raw_attack":79,"raw_defense":58,"max_lvl_hp":7905,"max_lvl_attack":867,"max_lvl_defense":637,"awakens_from":322,"awakens_to":null,"awaken_cost":[],"source":[],"fusion_food":false,"homunculus":false,"craft_cost":null,"craft_materials":[]},{"id":1818,"url":"https://swarfarm.com/api/v2/monsters/1818/?format=json","bestiary_slug":"12002-fire-high-elemental-kahli","com2us_id":12032,"family_id":12000,"name":"Kahli","image_filename":"unit_icon_0074_3_2.png","element":"Fire","archetype":"Attack","base_stars":6,"natural_stars":3,"obtainable":true,"can_awaken":true,"awaken_level":2,"awaken_bonus":"","skills":[3102,3107,3112],"skill_ups_to_max":4,"leader_skill":{"id":48,"url":"https://swarfarm.com/api/v2/leader-skills/48/?format=json","attribute":"Critical Rate","amount":23,"area":"Element","element":"Fire"},"homunculus_skills":[],"base_hp":8235,"base_attack":911,"base_defense":571,"speed":102,"crit_rate":15,"crit_damage":50,"resistance":15,"accuracy":0,"raw_hp":50,"raw_attack":83,"raw_defense":52,"max_lvl_hp":8235,"max_lvl_attack":911,"max_lvl_defense":571,"awakens_from":194,"awakens_to":null,"awaken_cost":[],"source":[],"fusion_food":false,"homunculus":false,"craft_cost":null,"craft_materials":[]},{"id":1819,"url":"https://swarfarm.com/api/v2/monsters/1819/?format=json","bestiary_slug":"12003-wind-high-elemental-moria","com2us_id":12033,"family_id":12000,"name":"Moria","image_filename":"unit_icon_0074_3_3.png","element":"Wind","archetype":"Attack","base_stars":6,"natural_stars":3,"obtainable":true,"can_awaken":true,"awaken_level":2,"awaken_bonus":"","skills":[3103,3108,3113],"skill_ups_to_max":5,"leader_skill":{"id":50,"url":"https://swarfarm.com/api/v2/leader-skills/50/?format=json","attribute":"Critical Rate","amount":23,"area":"Element","element":"Wind"},"homunculus_skills":[],"base_hp":7740,"base_attack":966,"base_defense":549,"speed":105,"crit_rate":15,"crit_damage":50,"resistance":15,"accuracy":0,"raw_hp":47,"raw_attack":88,"raw_defense":50,"max_lvl_hp":7740,"max_lvl_attack":966,"max_lvl_defense":549,"awakens_from":374,"awakens_to":null,"awaken_cost":[],"source":[],"fusion_food":false,"homunculus":false,"craft_cost":null,"craft_materials":[]},{"id":1820,"url":"https://swarfarm.com/api/v2/monsters/1820/?format=json","bestiary_slug":"12004-light-high-elemental-shren","com2us_id":12034,"family_id":12000,"name":"Shren","image_filename":"unit_icon_0074_3_4.png","element":"Light","archetype":"Support","base_stars":6,"natural_stars":3,"obtainable":true,"can_awaken":true,"awaken_level":2,"awaken_bonus":"","skills":[3104,3109,3114],"skill_ups_to_max":4,"leader_skill":{"id":51,"url":"https://swarfarm.com/api/v2/leader-skills/51/?format=json","attribute":"Critical Rate","amount":23,"area":"Element","element":"Light"},"homunculus_skills":[],"base_hp":11040,"base_attack":790,"base_defense":505,"speed":104,"crit_rate":15,"crit_damage":50,"resistance":15,"accuracy":0,"raw_hp":67,"raw_attack":72,"raw_defense":46,"max_lvl_hp":11040,"max_lvl_attack":790,"max_lvl_defense":505,"awakens_from":432,"awakens_to":null,"awaken_cost":[],"source":[],"fusion_food":false,"homunculus":false,"craft_cost":null,"craft_materials":[]},{"id":1821,"url":"https://swarfarm.com/api/v2/monsters/1821/?format=json","bestiary_slug":"12005-dark-high-elemental-jumaline","com2us_id":12035,"family_id":12000,"name":"Jumaline","image_filename":"unit_icon_0074_3_5.png","element":"Dark","archetype":"Attack","base_stars":6,"natural_stars":3,"obtainable":true,"can_awaken":true,"awaken_level":2,"awaken_bonus":"","skills":[3105,3110,3115],"skill_ups_to_max":6,"leader_skill":{"id":52,"url":"https://swarfarm.com/api/v2/leader-skills/52/?format=json","attribute":"Critical Rate","amount":23,"area":"Element","element":"Dark"},"homunculus_skills":[],"base_hp":8895,"base_attack":900,"base_defense":538,"speed":104,"crit_rate":15,"crit_damage":50,"resistance":15,"accuracy":0,"raw_hp":54,"raw_attack":82,"raw_defense":49,"max_lvl_hp":8895,"max_lvl_attack":900,"max_lvl_defense":538,"awakens_from":490,"awakens_to":null,"awaken_cost":[],"source":[],"fusion_food":false,"homunculus":false,"craft_cost":null,"craft_materials":[]},{"id":1822,"url":"https://swarfarm.com/api/v2/monsters/1822/?format=json","bestiary_slug":"48001-water-2","com2us_id":48001,"family_id":48000,"name":"하이엘리멘탈 2차 각성 보스(물)","image_filename":"unit_icon_0074_3_1.png","element":"Water","archetype":"none","base_stars":1,"natural_stars":1,"obtainable":false,"can_awaken":false,"awaken_level":0,"awaken_bonus":"","skills":[3116,3106,3111],"skill_ups_to_max":6,"leader_skill":null,"homunculus_skills":[],"base_hp":1200,"base_attack":80,"base_defense":80,"speed":100,"crit_rate":15,"crit_damage":50,"resistance":15,"accuracy":30,"raw_hp":40,"raw_attack":40,"raw_defense":40,"max_lvl_hp":6585,"max_lvl_attack":439,"max_lvl_defense":439,"awakens_from":null,"awakens_to":null,"awaken_cost":[],"source":[],"fusion_food":false,"homunculus":false,"craft_cost":null,"craft_materials":[]},{"id":1823,"url":"https://swarfarm.com/api/v2/monsters/1823/?format=json","bestiary_slug":"48002-fire-2","com2us_id":48002,"family_id":48000,"name":"하이엘리멘탈 2차 각성 보스(불)","image_filename":"unit_icon_0074_3_2.png","element":"Fire","archetype":"none","base_stars":1,"natural_stars":1,"obtainable":false,"can_awaken":false,"awaken_level":0,"awaken_bonus":"","skills":[3117,3107,3112],"skill_ups_to_max":4,"leader_skill":null,"homunculus_skills":[],"base_hp":1200,"base_attack":80,"base_defense":80,"speed":100,"crit_rate":15,"crit_damage":50,"resistance":15,"accuracy":30,"raw_hp":40,"raw_attack":40,"raw_defense":40,"max_lvl_hp":6585,"max_lvl_attack":439,"max_lvl_defense":439,"awakens_from":null,"awakens_to":null,"awaken_cost":[],"source":[],"fusion_food":false,"homunculus":false,"craft_cost":null,"craft_materials":[]},{"id":1824,"url":"https://swarfarm.com/api/v2/monsters/1824/?format=json","bestiary_slug":"48003-wind-2","com2us_id":48003,"family_id":48000,"name":"하이엘리멘탈 2차 각성 보스(바람)","image_filename":"unit_icon_0074_3_3.png","element":"Wind","archetype":"none","base_stars":1,"natural_stars":1,"obtainable":false,"can_awaken":false,"awaken_level":0,"awaken_bonus":"","skills":[3118,3108,3113],"skill_ups_to_max":5,"leader_skill":null,"homunculus_skills":[],"base_hp":1200,"base_attack":80,"base_defense":80,"speed":100,"crit_rate":15,"crit_damage":50,"resistance":15,"accuracy":30,"raw_hp":40,"raw_attack":40,"raw_defense":40,"max_lvl_hp":6585,"max_lvl_attack":439,"max_lvl_defense":439,"awakens_from":null,"awakens_to":null,"awaken_cost":[],"source":[],"fusion_food":false,"homunculus":false,"craft_cost":null,"craft_materials":[]},{"id":1825,"url":"https://swarfarm.com/api/v2/monsters/1825/?format=json","bestiary_slug":"48004-light-2","com2us_id":48004,"family_id":48000,"name":"하이엘리멘탈 2차 각성 보스(빛)","image_filename":"unit_icon_0074_3_4.png","element":"Light","archetype":"none","base_stars":1,"natural_stars":1,"obtainable":false,"can_awaken":false,"awaken_level":0,"awaken_bonus":"","skills":[3119,3109,3114],"skill_ups_to_max":4,"leader_skill":null,"homunculus_skills":[],"base_hp":1200,"base_attack":80,"base_defense":80,"speed":100,"crit_rate":15,"crit_damage":50,"resistance":15,"accuracy":30,"raw_hp":40,"raw_attack":40,"raw_defense":40,"max_lvl_hp":6585,"max_lvl_attack":439,"max_lvl_defense":439,"awakens_from":null,"awakens_to":null,"awaken_cost":[],"source":[],"fusion_food":false,"homunculus":false,"craft_cost":null,"craft_materials":[]},{"id":1826,"url":"https://swarfarm.com/api/v2/monsters/1826/?format=json","bestiary_slug":"48005-dark-2","com2us_id":48005,"family_id":48000,"name":"하이엘리멘탈 2차 각성 보스(어둠)","image_filename":"unit_icon_0074_3_5.png","element":"Dark","archetype":"none","base_stars":1,"natural_stars":1,"obtainable":false,"can_awaken":false,"awaken_level":0,"awaken_bonus":"","skills":[3120,3110,3121],"skill_ups_to_max":6,"leader_skill":null,"homunculus_skills":[],"base_hp":1200,"base_attack":80,"base_defense":80,"speed":100,"crit_rate":15,"crit_damage":50,"resistance":15,"accuracy":30,"raw_hp":40,"raw_attack":40,"raw_defense":40,"max_lvl_hp":6585,"max_lvl_attack":439,"max_lvl_defense":439,"awakens_from":null,"awakens_to":null,"awaken_cost":[],"source":[],"fusion_food":false,"homunculus":false,"craft_cost":null,"craft_materials":[]},{"id":1827,"url":"https://swarfarm.com/api/v2/monsters/1827/?format=json","bestiary_slug":"121001-water-2-_","com2us_id":121001,"family_id":100000,"name":"2차각성 하이엘리멘탈 수정_왼쪽(물)","image_filename":"unit_icon_0000_0_4.png","element":"Water","archetype":"none","base_stars":1,"natural_stars":1,"obtainable":false,"can_awaken":false,"awaken_level":0,"awaken_bonus":"","skills":[3122],"skill_ups_to_max":0,"leader_skill":null,"homunculus_skills":[],"base_hp":1200,"base_attack":80,"base_defense":80,"speed":110,"crit_rate":15,"crit_damage":50,"resistance":15,"accuracy":0,"raw_hp":40,"raw_attack":40,"raw_defense":40,"max_lvl_hp":6585,"max_lvl_attack":439,"max_lvl_defense":439,"awakens_from":null,"awakens_to":null,"awaken_cost":[],"source":[],"fusion_food":false,"homunculus":false,"craft_cost":null,"craft_materials":[]},{"id":1828,"url":"https://swarfarm.com/api/v2/monsters/1828/?format=json","bestiary_slug":"121002-fire-2-_","com2us_id":121002,"family_id":100000,"name":"2차각성 하이엘리멘탈 수정_왼쪽(불)","image_filename":"unit_icon_0000_1_4.png","element":"Fire","archetype":"none","base_stars":1,"natural_stars":1,"obtainable":false,"can_awaken":false,"awaken_level":0,"awaken_bonus":"","skills":[3123],"skill_ups_to_max":0,"leader_skill":null,"homunculus_skills":[],"base_hp":1200,"base_attack":80,"base_defense":80,"speed":110,"crit_rate":15,"crit_damage":50,"resistance":15,"accuracy":0,"raw_hp":40,"raw_attack":40,"raw_defense":40,"max_lvl_hp":6585,"max_lvl_attack":439,"max_lvl_defense":439,"awakens_from":null,"awakens_to":null,"awaken_cost":[],"source":[],"fusion_food":false,"homunculus":false,"craft_cost":null,"craft_materials":[]},{"id":1829,"url":"https://swarfarm.com/api/v2/monsters/1829/?format=json","bestiary_slug":"121003-wind-2-_","com2us_id":121003,"family_id":100000,"name":"2차각성 하이엘리멘탈 수정_왼쪽(바람)","image_filename":"unit_icon_0000_2_4.png","element":"Wind","archetype":"none","base_stars":1,"natural_stars":1,"obtainable":false,"can_awaken":false,"awaken_level":0,"awaken_bonus":"","skills":[3124],"skill_ups_to_max":0,"leader_skill":null,"homunculus_skills":[],"base_hp":1200,"base_attack":80,"base_defense":80,"speed":110,"crit_rate":15,"crit_damage":50,"resistance":15,"accuracy":0,"raw_hp":40,"raw_attack":40,"raw_defense":40,"max_lvl_hp":6585,"max_lvl_attack":439,"max_lvl_defense":439,"awakens_from":null,"awakens_to":null,"awaken_cost":[],"source":[],"fusion_food":false,"homunculus":false,"craft_cost":null,"craft_materials":[]},{"id":1830,"url":"https://swarfarm.com/api/v2/monsters/1830/?format=json","bestiary_slug":"121004-light-2-_","com2us_id":121004,"family_id":100000,"name":"2차각성 하이엘리멘탈 수정_왼쪽(빛)","image_filename":"unit_icon_0000_3_4.png","element":"Light","archetype":"none","base_stars":1,"natural_stars":1,"obtainable":false,"can_awaken":false,"awaken_level":0,"awaken_bonus":"","skills":[3125],"skill_ups_to_max":0,"leader_skill":null,"homunculus_skills":[],"base_hp":1200,"base_attack":80,"base_defense":80,"speed":110,"crit_rate":15,"crit_damage":50,"resistance":15,"accuracy":0,"raw_hp":40,"raw_attack":40,"raw_defense":40,"max_lvl_hp":6585,"max_lvl_attack":439,"max_lvl_defense":439,"awakens_from":null,"awakens_to":null,"awaken_cost":[],"source":[],"fusion_food":false,"homunculus":false,"craft_cost":null,"craft_materials":[]},{"id":1831,"url":"https://swarfarm.com/api/v2/monsters/1831/?format=json","bestiary_slug":"121005-dark-2-_","com2us_id":121005,"family_id":100000,"name":"2차각성 하이엘리멘탈 수정_왼쪽(어둠)","image_filename":"unit_icon_0000_4_4.png","element":"Dark","archetype":"none","base_stars":1,"natural_stars":1,"obtainable":false,"can_awaken":false,"awaken_level":0,"awaken_bonus":"","skills":[3126],"skill_ups_to_max":0,"leader_skill":null,"homunculus_skills":[],"base_hp":1200,"base_attack":80,"base_defense":80,"speed":110,"crit_rate":15,"crit_damage":50,"resistance":15,"accuracy":0,"raw_hp":40,"raw_attack":40,"raw_defense":40,"max_lvl_hp":6585,"max_lvl_attack":439,"max_lvl_defense":439,"awakens_from":null,"awakens_to":null,"awaken_cost":[],"source":[],"fusion_food":false,"homunculus":false,"craft_cost":null,"craft_materials":[]},{"id":1832,"url":"https://swarfarm.com/api/v2/monsters/1832/?format=json","bestiary_slug":"121011-water-2-_","com2us_id":121011,"family_id":100000,"name":"2차각성 하이엘리멘탈 수정_오른쪽(물)","image_filename":"unit_icon_0001_0_0.png","element":"Water","archetype":"none","base_stars":1,"natural_stars":1,"obtainable":false,"can_awaken":false,"awaken_level":0,"awaken_bonus":"","skills":[3127],"skill_ups_to_max":0,"leader_skill":null,"homunculus_skills":[],"base_hp":1200,"base_attack":80,"base_defense":80,"speed":110,"crit_rate":15,"crit_damage":50,"resistance":15,"accuracy":0,"raw_hp":40,"raw_attack":40,"raw_defense":40,"max_lvl_hp":6585,"max_lvl_attack":439,"max_lvl_defense":439,"awakens_from":null,"awakens_to":null,"awaken_cost":[],"source":[],"fusion_food":false,"homunculus":false,"craft_cost":null,"craft_materials":[]},{"id":1833,"url":"https://swarfarm.com/api/v2/monsters/1833/?format=json","bestiary_slug":"121012-fire-2-_","com2us_id":121012,"family_id":100000,"name":"2차각성 하이엘리멘탈 수정_오른쪽(불)","image_filename":"unit_icon_0001_1_0.png","element":"Fire","archetype":"none","base_stars":1,"natural_stars":1,"obtainable":false,"can_awaken":false,"awaken_level":0,"awaken_bonus":"","skills":[3128],"skill_ups_to_max":0,"leader_skill":null,"homunculus_skills":[],"base_hp":1200,"base_attack":80,"base_defense":80,"speed":110,"crit_rate":15,"crit_damage":50,"resistance":15,"accuracy":0,"raw_hp":40,"raw_attack":40,"raw_defense":40,"max_lvl_hp":6585,"max_lvl_attack":439,"max_lvl_defense":439,"awakens_from":null,"awakens_to":null,"awaken_cost":[],"source":[],"fusion_food":false,"homunculus":false,"craft_cost":null,"craft_materials":[]},{"id":1834,"url":"https://swarfarm.com/api/v2/monsters/1834/?format=json","bestiary_slug":"121013-wind-2-_","com2us_id":121013,"family_id":100000,"name":"2차각성 하이엘리멘탈 수정_오른쪽(바람)","image_filename":"unit_icon_0001_2_0.png","element":"Wind","archetype":"none","base_stars":1,"natural_stars":1,"obtainable":false,"can_awaken":false,"awaken_level":0,"awaken_bonus":"","skills":[3129],"skill_ups_to_max":0,"leader_skill":null,"homunculus_skills":[],"base_hp":1200,"base_attack":80,"base_defense":80,"speed":110,"crit_rate":15,"crit_damage":50,"resistance":15,"accuracy":0,"raw_hp":40,"raw_attack":40,"raw_defense":40,"max_lvl_hp":6585,"max_lvl_attack":439,"max_lvl_defense":439,"awakens_from":null,"awakens_to":null,"awaken_cost":[],"source":[],"fusion_food":false,"homunculus":false,"craft_cost":null,"craft_materials":[]},{"id":1835,"url":"https://swarfarm.com/api/v2/monsters/1835/?format=json","bestiary_slug":"121014-light-2-_","com2us_id":121014,"family_id":100000,"name":"2차각성 하이엘리멘탈 수정_오른쪽(빛)","image_filename":"unit_icon_0001_3_0.png","element":"Light","archetype":"none","base_stars":1,"natural_stars":1,"obtainable":false,"can_awaken":false,"awaken_level":0,"awaken_bonus":"","skills":[3130],"skill_ups_to_max":0,"leader_skill":null,"homunculus_skills":[],"base_hp":1200,"base_attack":80,"base_defense":80,"speed":110,"crit_rate":15,"crit_damage":50,"resistance":15,"accuracy":0,"raw_hp":40,"raw_attack":40,"raw_defense":40,"max_lvl_hp":6585,"max_lvl_attack":439,"max_lvl_defense":439,"awakens_from":null,"awakens_to":null,"awaken_cost":[],"source":[],"fusion_food":false,"homunculus":false,"craft_cost":null,"craft_materials":[]},{"id":1836,"url":"https://swarfarm.com/api/v2/monsters/1836/?format=json","bestiary_slug":"121015-dark-2-_","com2us_id":121015,"family_id":100000,"name":"2차각성 하이엘리멘탈 수정_오른쪽(어둠)","image_filename":"unit_icon_0001_4_0.png","element":"Dark","archetype":"none","base_stars":1,"natural_stars":1,"obtainable":false,"can_awaken":false,"awaken_level":0,"awaken_bonus":"","skills":[3131],"skill_ups_to_max":0,"leader_skill":null,"homunculus_skills":[],"base_hp":1200,"base_attack":80,"base_defense":80,"speed":110,"crit_rate":15,"crit_damage":50,"resistance":15,"accuracy":0,"raw_hp":40,"raw_attack":40,"raw_defense":40,"max_lvl_hp":6585,"max_lvl_attack":439,"max_lvl_defense":439,"awakens_from":null,"awakens_to":null,"awaken_cost":[],"source":[],"fusion_food":false,"homunculus":false,"craft_cost":null,"craft_materials":[]},{"id":1837,"url":"https://swarfarm.com/api/v2/monsters/1837/?format=json","bestiary_slug":"25201-water-mage-nana","com2us_id":25201,"family_id":25200,"name":"Mage","image_filename":"unit_icon_0075_0_1.png","element":"Water","archetype":"Support","base_stars":5,"natural_stars":5,"obtainable":true,"can_awaken":true,"awaken_level":0,"awaken_bonus":"Increases SPD by 15","skills":[3132,3137,3142],"skill_ups_to_max":10,"leader_skill":{"id":189,"url":"https://swarfarm.com/api/v2/leader-skills/189/?format=json","attribute":"Accuracy","amount":55,"area":"Guild","element":null},"homunculus_skills":[],"base_hp":7635,"base_attack":525,"base_defense":420,"speed":100,"crit_rate":15,"crit_damage":50,"resistance":15,"accuracy":0,"raw_hp":63,"raw_attack":65,"raw_defense":52,"max_lvl_hp":10380,"max_lvl_attack":714,"max_lvl_defense":571,"awakens_from":null,"awakens_to":1842,"awaken_cost":[{"item":{"id":15,"com2us_id":13001,"url":"https://swarfarm.com/api/v2/items/15/?format=json","name":"Water High Essence","category":"Essence","icon":"essence_water_high.png","description":"","sell_value":null},"quantity":20},{"item":{"id":13,"com2us_id":12001,"url":"https://swarfarm.com/api/v2/items/13/?format=json","name":"Water Mid Essence","category":"Essence","icon":"essence_water_mid.png","description":"","sell_value":null},"quantity":10},{"item":{"id":11,"com2us_id":13006,"url":"https://swarfarm.com/api/v2/items/11/?format=json","name":"Magic High Essence","category":"Essence","icon":"essence_magic_high.png","description":"","sell_value":null},"quantity":15},{"item":{"id":10,"com2us_id":12006,"url":"https://swarfarm.com/api/v2/items/10/?format=json","name":"Magic Mid Essence","category":"Essence","icon":"essence_magic_mid.png","description":"","sell_value":null},"quantity":5}],"source":[],"fusion_food":false,"homunculus":false,"craft_cost":null,"craft_materials":[]},{"id":1838,"url":"https://swarfarm.com/api/v2/monsters/1838/?format=json","bestiary_slug":"25202-fire-mage-coco","com2us_id":25202,"family_id":25200,"name":"Mage","image_filename":"unit_icon_0075_0_2.png","element":"Fire","archetype":"Attack","base_stars":5,"natural_stars":5,"obtainable":true,"can_awaken":true,"awaken_level":0,"awaken_bonus":"Increases Resistance by 25%","skills":[3133,3138,3143],"skill_ups_to_max":11,"leader_skill":{"id":191,"url":"https://swarfarm.com/api/v2/leader-skills/191/?format=json","attribute":"Critical Rate","amount":33,"area":"Guild","element":null},"homunculus_skills":[],"base_hp":7260,"base_attack":557,"base_defense":412,"speed":100,"crit_rate":15,"crit_damage":50,"resistance":15,"accuracy":0,"raw_hp":60,"raw_attack":69,"raw_defense":51,"max_lvl_hp":9885,"max_lvl_attack":758,"max_lvl_defense":560,"awakens_from":null,"awakens_to":1843,"awaken_cost":[{"item":{"id":18,"com2us_id":13002,"url":"https://swarfarm.com/api/v2/items/18/?format=json","name":"Fire High Essence","category":"Essence","icon":"essence_fire_high.png","description":"","sell_value":null},"quantity":20},{"item":{"id":17,"com2us_id":12002,"url":"https://swarfarm.com/api/v2/items/17/?format=json","name":"Fire Mid Essence","category":"Essence","icon":"essence_fire_mid.png","description":"","sell_value":null},"quantity":10},{"item":{"id":11,"com2us_id":13006,"url":"https://swarfarm.com/api/v2/items/11/?format=json","name":"Magic High Essence","category":"Essence","icon":"essence_magic_high.png","description":"","sell_value":null},"quantity":15},{"item":{"id":10,"com2us_id":12006,"url":"https://swarfarm.com/api/v2/items/10/?format=json","name":"Magic Mid Essence","category":"Essence","icon":"essence_magic_mid.png","description":"","sell_value":null},"quantity":5}],"source":[],"fusion_food":false,"homunculus":false,"craft_cost":null,"craft_materials":[]},{"id":1839,"url":"https://swarfarm.com/api/v2/monsters/1839/?format=json","bestiary_slug":"25203-wind-mage-momo","com2us_id":25203,"family_id":25200,"name":"Mage","image_filename":"unit_icon_0075_0_3.png","element":"Wind","archetype":"Attack","base_stars":5,"natural_stars":5,"obtainable":true,"can_awaken":true,"awaken_level":0,"awaken_bonus":"Increases Accuracy by 25%","skills":[3134,3139,3144],"skill_ups_to_max":10,"leader_skill":{"id":183,"url":"https://swarfarm.com/api/v2/leader-skills/183/?format=json","attribute":"Attack Power","amount":44,"area":"Guild","element":null},"homunculus_skills":[],"base_hp":7020,"base_attack":549,"base_defense":436,"speed":100,"crit_rate":15,"crit_damage":50,"resistance":15,"accuracy":0,"raw_hp":58,"raw_attack":68,"raw_defense":54,"max_lvl_hp":9555,"max_lvl_attack":747,"max_lvl_defense":593,"awakens_from":null,"awakens_to":1844,"awaken_cost":[{"item":{"id":21,"com2us_id":13003,"url":"https://swarfarm.com/api/v2/items/21/?format=json","name":"Wind High Essence","category":"Essence","icon":"essence_wind_high.png","description":"","sell_value":null},"quantity":20},{"item":{"id":20,"com2us_id":12003,"url":"https://swarfarm.com/api/v2/items/20/?format=json","name":"Wind Mid Essence","category":"Essence","icon":"essence_wind_mid.png","description":"","sell_value":null},"quantity":10},{"item":{"id":11,"com2us_id":13006,"url":"https://swarfarm.com/api/v2/items/11/?format=json","name":"Magic High Essence","category":"Essence","icon":"essence_magic_high.png","description":"","sell_value":null},"quantity":15},{"item":{"id":10,"com2us_id":12006,"url":"https://swarfarm.com/api/v2/items/10/?format=json","name":"Magic Mid Essence","category":"Essence","icon":"essence_magic_mid.png","description":"","sell_value":null},"quantity":5}],"source":[],"fusion_food":false,"homunculus":false,"craft_cost":null,"craft_materials":[]},{"id":1840,"url":"https://swarfarm.com/api/v2/monsters/1840/?format=json","bestiary_slug":"25204-light-mage-dorothy","com2us_id":25204,"family_id":25200,"name":"Mage","image_filename":"unit_icon_0075_0_4.png","element":"Light","archetype":"Attack","base_stars":5,"natural_stars":5,"obtainable":true,"can_awaken":true,"awaken_level":0,"awaken_bonus":"Increases CRI Rate by 15%","skills":[3135,3140,3145],"skill_ups_to_max":11,"leader_skill":{"id":190,"url":"https://swarfarm.com/api/v2/leader-skills/190/?format=json","attribute":"Resistance","amount":55,"area":"Guild","element":null},"homunculus_skills":[],"base_hp":7140,"base_attack":573,"base_defense":404,"speed":100,"crit_rate":15,"crit_damage":50,"resistance":15,"accuracy":0,"raw_hp":59,"raw_attack":71,"raw_defense":50,"max_lvl_hp":9720,"max_lvl_attack":780,"max_lvl_defense":549,"awakens_from":null,"awakens_to":1845,"awaken_cost":[{"item":{"id":24,"com2us_id":13004,"url":"https://swarfarm.com/api/v2/items/24/?format=json","name":"Light High Essence","category":"Essence","icon":"essence_light_high.png","description":"","sell_value":null},"quantity":20},{"item":{"id":23,"com2us_id":12004,"url":"https://swarfarm.com/api/v2/items/23/?format=json","name":"Light Mid Essence","category":"Essence","icon":"essence_light_mid.png","description":"","sell_value":null},"quantity":10},{"item":{"id":11,"com2us_id":13006,"url":"https://swarfarm.com/api/v2/items/11/?format=json","name":"Magic High Essence","category":"Essence","icon":"essence_magic_high.png","description":"","sell_value":null},"quantity":15},{"item":{"id":10,"com2us_id":12006,"url":"https://swarfarm.com/api/v2/items/10/?format=json","name":"Magic Mid Essence","category":"Essence","icon":"essence_magic_mid.png","description":"","sell_value":null},"quantity":5}],"source":[],"fusion_food":false,"homunculus":false,"craft_cost":null,"craft_materials":[]},{"id":1841,"url":"https://swarfarm.com/api/v2/monsters/1841/?format=json","bestiary_slug":"25205-dark-mage-kiki","com2us_id":25205,"family_id":25200,"name":"Mage","image_filename":"unit_icon_0075_0_5.png","element":"Dark","archetype":"Support","base_stars":5,"natural_stars":5,"obtainable":true,"can_awaken":true,"awaken_level":0,"awaken_bonus":"Increases Accuracy by 25%","skills":[3136,3141,3146],"skill_ups_to_max":10,"leader_skill":{"id":181,"url":"https://swarfarm.com/api/v2/leader-skills/181/?format=json","attribute":"Defense","amount":44,"area":"Guild","element":null},"homunculus_skills":[],"base_hp":7755,"base_attack":509,"base_defense":428,"speed":100,"crit_rate":15,"crit_damage":50,"resistance":15,"accuracy":0,"raw_hp":64,"raw_attack":63,"raw_defense":53,"max_lvl_hp":10545,"max_lvl_attack":692,"max_lvl_defense":582,"awakens_from":null,"awakens_to":1846,"awaken_cost":[{"item":{"id":27,"com2us_id":13005,"url":"https://swarfarm.com/api/v2/items/27/?format=json","name":"Dark High Essence","category":"Essence","icon":"essence_dark_high.png","description":"","sell_value":null},"quantity":20},{"item":{"id":26,"com2us_id":12005,"url":"https://swarfarm.com/api/v2/items/26/?format=json","name":"Dark Mid Essence","category":"Essence","icon":"essence_dark_mid.png","description":"","sell_value":null},"quantity":10},{"item":{"id":11,"com2us_id":13006,"url":"https://swarfarm.com/api/v2/items/11/?format=json","name":"Magic High Essence","category":"Essence","icon":"essence_magic_high.png","description":"","sell_value":null},"quantity":15},{"item":{"id":10,"com2us_id":12006,"url":"https://swarfarm.com/api/v2/items/10/?format=json","name":"Magic Mid Essence","category":"Essence","icon":"essence_magic_mid.png","description":"","sell_value":null},"quantity":5}],"source":[],"fusion_food":false,"homunculus":false,"craft_cost":null,"craft_materials":[]},{"id":1842,"url":"https://swarfarm.com/api/v2/monsters/1842/?format=json","bestiary_slug":"25201-water-mage","com2us_id":25211,"family_id":25200,"name":"Nana","image_filename":"unit_icon_0075_1_1.png","element":"Water","archetype":"Support","base_stars":6,"natural_stars":5,"obtainable":true,"can_awaken":true,"awaken_level":1,"awaken_bonus":"","skills":[3132,3137,3142],"skill_ups_to_max":10,"leader_skill":{"id":189,"url":"https://swarfarm.com/api/v2/leader-skills/189/?format=json","attribute":"Accuracy","amount":55,"area":"Guild","element":null},"homunculus_skills":[],"base_hp":11370,"base_attack":758,"base_defense":626,"speed":116,"crit_rate":15,"crit_damage":50,"resistance":15,"accuracy":0,"raw_hp":69,"raw_attack":69,"raw_defense":57,"max_lvl_hp":11370,"max_lvl_attack":758,"max_lvl_defense":626,"awakens_from":1837,"awakens_to":null,"awaken_cost":[],"source":[],"fusion_food":false,"homunculus":false,"craft_cost":null,"craft_materials":[]},{"id":1843,"url":"https://swarfarm.com/api/v2/monsters/1843/?format=json","bestiary_slug":"25202-fire-mage","com2us_id":25212,"family_id":25200,"name":"Coco","image_filename":"unit_icon_0075_1_2.png","element":"Fire","archetype":"Attack","base_stars":6,"natural_stars":5,"obtainable":true,"can_awaken":true,"awaken_level":1,"awaken_bonus":"","skills":[3133,3138,3143],"skill_ups_to_max":11,"leader_skill":{"id":191,"url":"https://swarfarm.com/api/v2/leader-skills/191/?format=json","attribute":"Critical Rate","amount":33,"area":"Guild","element":null},"homunculus_skills":[],"base_hp":10710,"base_attack":812,"base_defense":615,"speed":101,"crit_rate":15,"crit_damage":50,"resistance":40,"accuracy":0,"raw_hp":65,"raw_attack":74,"raw_defense":56,"max_lvl_hp":10710,"max_lvl_attack":812,"max_lvl_defense":615,"awakens_from":1838,"awakens_to":null,"awaken_cost":[],"source":[],"fusion_food":false,"homunculus":false,"craft_cost":null,"craft_materials":[]},{"id":1844,"url":"https://swarfarm.com/api/v2/monsters/1844/?format=json","bestiary_slug":"25203-wind-mage","com2us_id":25213,"family_id":25200,"name":"Momo","image_filename":"unit_icon_0075_1_3.png","element":"Wind","archetype":"Attack","base_stars":6,"natural_stars":5,"obtainable":true,"can_awaken":true,"awaken_level":1,"awaken_bonus":"","skills":[3134,3139,3144],"skill_ups_to_max":10,"leader_skill":{"id":183,"url":"https://swarfarm.com/api/v2/leader-skills/183/?format=json","attribute":"Attack Power","amount":44,"area":"Guild","element":null},"homunculus_skills":[],"base_hp":10545,"base_attack":801,"base_defense":637,"speed":101,"crit_rate":15,"crit_damage":50,"resistance":15,"accuracy":25,"raw_hp":64,"raw_attack":73,"raw_defense":58,"max_lvl_hp":10545,"max_lvl_attack":801,"max_lvl_defense":637,"awakens_from":1839,"awakens_to":null,"awaken_cost":[],"source":[],"fusion_food":false,"homunculus":false,"craft_cost":null,"craft_materials":[]},{"id":1845,"url":"https://swarfarm.com/api/v2/monsters/1845/?format=json","bestiary_slug":"25204-light-mage","com2us_id":25214,"family_id":25200,"name":"Dorothy","image_filename":"unit_icon_0075_1_4.png","element":"Light","archetype":"Attack","base_stars":6,"natural_stars":5,"obtainable":true,"can_awaken":true,"awaken_level":1,"awaken_bonus":"","skills":[3135,3140,3145],"skill_ups_to_max":11,"leader_skill":{"id":190,"url":"https://swarfarm.com/api/v2/leader-skills/190/?format=json","attribute":"Resistance","amount":55,"area":"Guild","element":null},"homunculus_skills":[],"base_hp":10710,"base_attack":834,"base_defense":593,"speed":101,"crit_rate":30,"crit_damage":50,"resistance":15,"accuracy":0,"raw_hp":65,"raw_attack":76,"raw_defense":54,"max_lvl_hp":10710,"max_lvl_attack":834,"max_lvl_defense":593,"awakens_from":1840,"awakens_to":null,"awaken_cost":[],"source":[],"fusion_food":false,"homunculus":false,"craft_cost":null,"craft_materials":[]},{"id":1846,"url":"https://swarfarm.com/api/v2/monsters/1846/?format=json","bestiary_slug":"25205-dark-mage","com2us_id":25215,"family_id":25200,"name":"Kiki","image_filename":"unit_icon_0075_1_5.png","element":"Dark","archetype":"Support","base_stars":6,"natural_stars":5,"obtainable":true,"can_awaken":true,"awaken_level":1,"awaken_bonus":"","skills":[3136,3141,3146],"skill_ups_to_max":10,"leader_skill":{"id":181,"url":"https://swarfarm.com/api/v2/leader-skills/181/?format=json","attribute":"Defense","amount":44,"area":"Guild","element":null},"homunculus_skills":[],"base_hp":11205,"base_attack":747,"base_defense":648,"speed":101,"crit_rate":15,"crit_damage":50,"resistance":15,"accuracy":25,"raw_hp":68,"raw_attack":68,"raw_defense":59,"max_lvl_hp":11205,"max_lvl_attack":747,"max_lvl_defense":648,"awakens_from":1841,"awakens_to":null,"awaken_cost":[],"source":[],"fusion_food":false,"homunculus":false,"craft_cost":null,"craft_materials":[]}]}