{"count":1831,"next":"https://swarfarm.com/api/v2/monsters/?page=16","previous":"https://swarfarm.com/api/v2/monsters/?page=14","results":[{"id":1416,"url":"https://swarfarm.com/api/v2/monsters/1416/","bestiary_slug":"100716-pure-tower","com2us_id":100716,"family_id":100000,"name":"Tower","image_filename":"unit_icon_0008_0_3.png","element":"Pure","archetype":"none","base_stars":1,"natural_stars":1,"obtainable":false,"can_awaken":false,"awaken_level":0,"awaken_bonus":"","skills":[1900],"skill_ups_to_max":0,"leader_skill":null,"homunculus_skills":[],"base_hp":1200,"base_attack":80,"base_defense":80,"speed":50,"crit_rate":15,"crit_damage":50,"resistance":15,"accuracy":0,"raw_hp":40,"raw_attack":40,"raw_defense":40,"max_lvl_hp":6585,"max_lvl_attack":439,"max_lvl_defense":439,"awakens_from":null,"awakens_to":null,"awaken_cost":[],"source":[],"fusion_food":false,"homunculus":false,"craft_cost":null,"craft_materials":[]},{"id":1417,"url":"https://swarfarm.com/api/v2/monsters/1417/","bestiary_slug":"100816-pure-tower","com2us_id":100816,"family_id":100000,"name":"Tower","image_filename":"unit_icon_0008_0_3.png","element":"Pure","archetype":"none","base_stars":1,"natural_stars":1,"obtainable":false,"can_awaken":false,"awaken_level":0,"awaken_bonus":"","skills":[1906],"skill_ups_to_max":0,"leader_skill":null,"homunculus_skills":[],"base_hp":1200,"base_attack":80,"base_defense":80,"speed":60,"crit_rate":15,"crit_damage":50,"resistance":15,"accuracy":0,"raw_hp":40,"raw_attack":40,"raw_defense":40,"max_lvl_hp":6585,"max_lvl_attack":439,"max_lvl_defense":439,"awakens_from":null,"awakens_to":null,"awaken_cost":[],"source":[],"fusion_food":false,"homunculus":false,"craft_cost":null,"craft_materials":[]},{"id":1418,"url":"https://swarfarm.com/api/v2/monsters/1418/","bestiary_slug":"100916-pure-tower","com2us_id":100916,"family_id":100000,"name":"Tower","image_filename":"unit_icon_0008_0_3.png","element":"Pure","archetype":"none","base_stars":1,"natural_stars":1,"obtainable":false,"can_awaken":false,"awaken_level":0,"awaken_bonus":"","skills":[1909],"skill_ups_to_max":0,"leader_skill":null,"homunculus_skills":[],"base_hp":1200,"base_attack":80,"base_defense":80,"speed":20,"crit_rate":15,"crit_damage":50,"resistance":15,"accuracy":0,"raw_hp":40,"raw_attack":40,"raw_defense":40,"max_lvl_hp":6585,"max_lvl_attack":439,"max_lvl_defense":439,"awakens_from":null,"awakens_to":null,"awaken_cost":[],"source":[],"fusion_food":false,"homunculus":false,"craft_cost":null,"craft_materials":[]},{"id":1419,"url":"https://swarfarm.com/api/v2/monsters/1419/","bestiary_slug":"101016-pure-tower","com2us_id":101016,"family_id":100000,"name":"Tower","image_filename":"unit_icon_0008_0_3.png","element":"Pure","archetype":"none","base_stars":1,"natural_stars":1,"obtainable":false,"can_awaken":false,"awaken_level":0,"awaken_bonus":"","skills":[1912],"skill_ups_to_max":0,"leader_skill":null,"homunculus_skills":[],"base_hp":1200,"base_attack":80,"base_defense":80,"speed":70,"crit_rate":15,"crit_damage":50,"resistance":15,"accuracy":0,"raw_hp":40,"raw_attack":40,"raw_defense":40,"max_lvl_hp":6585,"max_lvl_attack":439,"max_lvl_defense":439,"awakens_from":null,"awakens_to":null,"awaken_cost":[],"source":[],"fusion_food":false,"homunculus":false,"craft_cost":null,"craft_materials":[]},{"id":1420,"url":"https://swarfarm.com/api/v2/monsters/1420/","bestiary_slug":"101116-pure-tower","com2us_id":101116,"family_id":100000,"name":"Tower","image_filename":"unit_icon_0008_0_3.png","element":"Pure","archetype":"none","base_stars":1,"natural_stars":1,"obtainable":false,"can_awaken":false,"awaken_level":0,"awaken_bonus":"","skills":[1904],"skill_ups_to_max":0,"leader_skill":null,"homunculus_skills":[],"base_hp":1200,"base_attack":80,"base_defense":80,"speed":60,"crit_rate":15,"crit_damage":50,"resistance":15,"accuracy":0,"raw_hp":40,"raw_attack":40,"raw_defense":40,"max_lvl_hp":6585,"max_lvl_attack":439,"max_lvl_defense":439,"awakens_from":null,"awakens_to":null,"awaken_cost":[],"source":[],"fusion_food":false,"homunculus":false,"craft_cost":null,"craft_materials":[]},{"id":1421,"url":"https://swarfarm.com/api/v2/monsters/1421/","bestiary_slug":"101216-pure-tower","com2us_id":101216,"family_id":100000,"name":"Tower","image_filename":"unit_icon_0008_0_3.png","element":"Pure","archetype":"none","base_stars":1,"natural_stars":1,"obtainable":false,"can_awaken":false,"awaken_level":0,"awaken_bonus":"","skills":[1901],"skill_ups_to_max":0,"leader_skill":null,"homunculus_skills":[],"base_hp":1200,"base_attack":80,"base_defense":80,"speed":110,"crit_rate":15,"crit_damage":50,"resistance":15,"accuracy":0,"raw_hp":40,"raw_attack":40,"raw_defense":40,"max_lvl_hp":6585,"max_lvl_attack":439,"max_lvl_defense":439,"awakens_from":null,"awakens_to":null,"awaken_cost":[],"source":[],"fusion_food":false,"homunculus":false,"craft_cost":null,"craft_materials":[]},{"id":1422,"url":"https://swarfarm.com/api/v2/monsters/1422/","bestiary_slug":"101316-pure-tower","com2us_id":101316,"family_id":100000,"name":"Tower","image_filename":"unit_icon_0008_0_3.png","element":"Pure","archetype":"none","base_stars":1,"natural_stars":1,"obtainable":false,"can_awaken":false,"awaken_level":0,"awaken_bonus":"","skills":[1907],"skill_ups_to_max":0,"leader_skill":null,"homunculus_skills":[],"base_hp":1200,"base_attack":80,"base_defense":80,"speed":100,"crit_rate":15,"crit_damage":50,"resistance":15,"accuracy":0,"raw_hp":40,"raw_attack":40,"raw_defense":40,"max_lvl_hp":6585,"max_lvl_attack":439,"max_lvl_defense":439,"awakens_from":null,"awakens_to":null,"awaken_cost":[],"source":[],"fusion_food":false,"homunculus":false,"craft_cost":null,"craft_materials":[]},{"id":1423,"url":"https://swarfarm.com/api/v2/monsters/1423/","bestiary_slug":"101416-pure-tower","com2us_id":101416,"family_id":100000,"name":"Tower","image_filename":"unit_icon_0008_0_3.png","element":"Pure","archetype":"none","base_stars":1,"natural_stars":1,"obtainable":false,"can_awaken":false,"awaken_level":0,"awaken_bonus":"","skills":[1910],"skill_ups_to_max":0,"leader_skill":null,"homunculus_skills":[],"base_hp":1200,"base_attack":80,"base_defense":80,"speed":70,"crit_rate":15,"crit_damage":50,"resistance":15,"accuracy":0,"raw_hp":40,"raw_attack":40,"raw_defense":40,"max_lvl_hp":6585,"max_lvl_attack":439,"max_lvl_defense":439,"awakens_from":null,"awakens_to":null,"awaken_cost":[],"source":[],"fusion_food":false,"homunculus":false,"craft_cost":null,"craft_materials":[]},{"id":1424,"url":"https://swarfarm.com/api/v2/monsters/1424/","bestiary_slug":"101516-pure-tower","com2us_id":101516,"family_id":100000,"name":"Tower","image_filename":"unit_icon_0008_0_3.png","element":"Pure","archetype":"none","base_stars":1,"natural_stars":1,"obtainable":false,"can_awaken":false,"awaken_level":0,"awaken_bonus":"","skills":[1913],"skill_ups_to_max":0,"leader_skill":null,"homunculus_skills":[],"base_hp":1200,"base_attack":80,"base_defense":80,"speed":45,"crit_rate":15,"crit_damage":50,"resistance":15,"accuracy":0,"raw_hp":40,"raw_attack":40,"raw_defense":40,"max_lvl_hp":6585,"max_lvl_attack":439,"max_lvl_defense":439,"awakens_from":null,"awakens_to":null,"awaken_cost":[],"source":[],"fusion_food":false,"homunculus":false,"craft_cost":null,"craft_materials":[]},{"id":1425,"url":"https://swarfarm.com/api/v2/monsters/1425/","bestiary_slug":"101616-pure-","com2us_id":101616,"family_id":100000,"name":"타워(물) - 전체 충격 수정","image_filename":"unit_icon_0008_0_3.png","element":"Pure","archetype":"none","base_stars":1,"natural_stars":1,"obtainable":false,"can_awaken":false,"awaken_level":0,"awaken_bonus":"","skills":[1914],"skill_ups_to_max":0,"leader_skill":null,"homunculus_skills":[],"base_hp":1200,"base_attack":80,"base_defense":80,"speed":100,"crit_rate":15,"crit_damage":50,"resistance":15,"accuracy":30,"raw_hp":40,"raw_attack":40,"raw_defense":40,"max_lvl_hp":6585,"max_lvl_attack":439,"max_lvl_defense":439,"awakens_from":null,"awakens_to":null,"awaken_cost":[],"source":[],"fusion_food":false,"homunculus":false,"craft_cost":null,"craft_materials":[]},{"id":1426,"url":"https://swarfarm.com/api/v2/monsters/1426/","bestiary_slug":"101716-pure-","com2us_id":101716,"family_id":100000,"name":"타워(물) - 공속 게이지","image_filename":"unit_icon_0008_0_3.png","element":"Pure","archetype":"none","base_stars":1,"natural_stars":1,"obtainable":false,"can_awaken":false,"awaken_level":0,"awaken_bonus":"","skills":[1916],"skill_ups_to_max":0,"leader_skill":null,"homunculus_skills":[],"base_hp":1200,"base_attack":80,"base_defense":80,"speed":100,"crit_rate":15,"crit_damage":50,"resistance":15,"accuracy":0,"raw_hp":40,"raw_attack":40,"raw_defense":40,"max_lvl_hp":6585,"max_lvl_attack":439,"max_lvl_defense":439,"awakens_from":null,"awakens_to":null,"awaken_cost":[],"source":[],"fusion_food":false,"homunculus":false,"craft_cost":null,"craft_materials":[]},{"id":1427,"url":"https://swarfarm.com/api/v2/monsters/1427/","bestiary_slug":"100126-pure-tower","com2us_id":100126,"family_id":100000,"name":"Tower","image_filename":"unit_icon_0008_0_3.png","element":"Pure","archetype":"none","base_stars":1,"natural_stars":1,"obtainable":false,"can_awaken":false,"awaken_level":0,"awaken_bonus":"","skills":[1902],"skill_ups_to_max":0,"leader_skill":null,"homunculus_skills":[],"base_hp":1200,"base_attack":80,"base_defense":80,"speed":120,"crit_rate":15,"crit_damage":50,"resistance":15,"accuracy":0,"raw_hp":40,"raw_attack":40,"raw_defense":40,"max_lvl_hp":6585,"max_lvl_attack":439,"max_lvl_defense":439,"awakens_from":null,"awakens_to":null,"awaken_cost":[],"source":[],"fusion_food":false,"homunculus":false,"craft_cost":null,"craft_materials":[]},{"id":1428,"url":"https://swarfarm.com/api/v2/monsters/1428/","bestiary_slug":"100226-pure-tower","com2us_id":100226,"family_id":100000,"name":"Tower","image_filename":"unit_icon_0008_0_3.png","element":"Pure","archetype":"none","base_stars":1,"natural_stars":1,"obtainable":false,"can_awaken":false,"awaken_level":0,"awaken_bonus":"","skills":[1899],"skill_ups_to_max":0,"leader_skill":null,"homunculus_skills":[],"base_hp":1200,"base_attack":80,"base_defense":80,"speed":70,"crit_rate":15,"crit_damage":50,"resistance":15,"accuracy":0,"raw_hp":40,"raw_attack":40,"raw_defense":40,"max_lvl_hp":6585,"max_lvl_attack":439,"max_lvl_defense":439,"awakens_from":null,"awakens_to":null,"awaken_cost":[],"source":[],"fusion_food":false,"homunculus":false,"craft_cost":null,"craft_materials":[]},{"id":1429,"url":"https://swarfarm.com/api/v2/monsters/1429/","bestiary_slug":"100326-pure-tower","com2us_id":100326,"family_id":100000,"name":"Tower","image_filename":"unit_icon_0008_0_3.png","element":"Pure","archetype":"none","base_stars":1,"natural_stars":1,"obtainable":false,"can_awaken":false,"awaken_level":0,"awaken_bonus":"","skills":[1905],"skill_ups_to_max":0,"leader_skill":null,"homunculus_skills":[],"base_hp":1200,"base_attack":80,"base_defense":80,"speed":150,"crit_rate":15,"crit_damage":50,"resistance":15,"accuracy":0,"raw_hp":40,"raw_attack":40,"raw_defense":40,"max_lvl_hp":6585,"max_lvl_attack":439,"max_lvl_defense":439,"awakens_from":null,"awakens_to":null,"awaken_cost":[],"source":[],"fusion_food":false,"homunculus":false,"craft_cost":null,"craft_materials":[]},{"id":1430,"url":"https://swarfarm.com/api/v2/monsters/1430/","bestiary_slug":"100426-pure-tower","com2us_id":100426,"family_id":100000,"name":"Tower","image_filename":"unit_icon_0008_0_3.png","element":"Pure","archetype":"none","base_stars":1,"natural_stars":1,"obtainable":false,"can_awaken":false,"awaken_level":0,"awaken_bonus":"","skills":[1908],"skill_ups_to_max":0,"leader_skill":null,"homunculus_skills":[],"base_hp":1200,"base_attack":80,"base_defense":80,"speed":40,"crit_rate":15,"crit_damage":50,"resistance":15,"accuracy":0,"raw_hp":40,"raw_attack":40,"raw_defense":40,"max_lvl_hp":6585,"max_lvl_attack":439,"max_lvl_defense":439,"awakens_from":null,"awakens_to":null,"awaken_cost":[],"source":[],"fusion_food":false,"homunculus":false,"craft_cost":null,"craft_materials":[]},{"id":1431,"url":"https://swarfarm.com/api/v2/monsters/1431/","bestiary_slug":"100526-pure-tower","com2us_id":100526,"family_id":100000,"name":"Tower","image_filename":"unit_icon_0008_0_3.png","element":"Pure","archetype":"none","base_stars":1,"natural_stars":1,"obtainable":false,"can_awaken":false,"awaken_level":0,"awaken_bonus":"","skills":[1911],"skill_ups_to_max":0,"leader_skill":null,"homunculus_skills":[],"base_hp":1200,"base_attack":80,"base_defense":80,"speed":25,"crit_rate":15,"crit_damage":50,"resistance":15,"accuracy":0,"raw_hp":40,"raw_attack":40,"raw_defense":40,"max_lvl_hp":6585,"max_lvl_attack":439,"max_lvl_defense":439,"awakens_from":null,"awakens_to":null,"awaken_cost":[],"source":[],"fusion_food":false,"homunculus":false,"craft_cost":null,"craft_materials":[]},{"id":1432,"url":"https://swarfarm.com/api/v2/monsters/1432/","bestiary_slug":"100626-pure-tower","com2us_id":100626,"family_id":100000,"name":"Tower","image_filename":"unit_icon_0008_0_3.png","element":"Pure","archetype":"none","base_stars":1,"natural_stars":1,"obtainable":false,"can_awaken":false,"awaken_level":0,"awaken_bonus":"","skills":[1903],"skill_ups_to_max":0,"leader_skill":null,"homunculus_skills":[],"base_hp":1200,"base_attack":80,"base_defense":80,"speed":60,"crit_rate":15,"crit_damage":50,"resistance":15,"accuracy":0,"raw_hp":40,"raw_attack":40,"raw_defense":40,"max_lvl_hp":6585,"max_lvl_attack":439,"max_lvl_defense":439,"awakens_from":null,"awakens_to":null,"awaken_cost":[],"source":[],"fusion_food":false,"homunculus":false,"craft_cost":null,"craft_materials":[]},{"id":1433,"url":"https://swarfarm.com/api/v2/monsters/1433/","bestiary_slug":"100726-pure-tower","com2us_id":100726,"family_id":100000,"name":"Tower","image_filename":"unit_icon_0008_0_3.png","element":"Pure","archetype":"none","base_stars":1,"natural_stars":1,"obtainable":false,"can_awaken":false,"awaken_level":0,"awaken_bonus":"","skills":[1900],"skill_ups_to_max":0,"leader_skill":null,"homunculus_skills":[],"base_hp":1200,"base_attack":80,"base_defense":80,"speed":50,"crit_rate":15,"crit_damage":50,"resistance":15,"accuracy":0,"raw_hp":40,"raw_attack":40,"raw_defense":40,"max_lvl_hp":6585,"max_lvl_attack":439,"max_lvl_defense":439,"awakens_from":null,"awakens_to":null,"awaken_cost":[],"source":[],"fusion_food":false,"homunculus":false,"craft_cost":null,"craft_materials":[]},{"id":1434,"url":"https://swarfarm.com/api/v2/monsters/1434/","bestiary_slug":"100826-pure-tower","com2us_id":100826,"family_id":100000,"name":"Tower","image_filename":"unit_icon_0008_0_3.png","element":"Pure","archetype":"none","base_stars":1,"natural_stars":1,"obtainable":false,"can_awaken":false,"awaken_level":0,"awaken_bonus":"","skills":[1906],"skill_ups_to_max":0,"leader_skill":null,"homunculus_skills":[],"base_hp":1200,"base_attack":80,"base_defense":80,"speed":60,"crit_rate":15,"crit_damage":50,"resistance":15,"accuracy":0,"raw_hp":40,"raw_attack":40,"raw_defense":40,"max_lvl_hp":6585,"max_lvl_attack":439,"max_lvl_defense":439,"awakens_from":null,"awakens_to":null,"awaken_cost":[],"source":[],"fusion_food":false,"homunculus":false,"craft_cost":null,"craft_materials":[]},{"id":1435,"url":"https://swarfarm.com/api/v2/monsters/1435/","bestiary_slug":"100926-pure-tower","com2us_id":100926,"family_id":100000,"name":"Tower","image_filename":"unit_icon_0008_0_3.png","element":"Pure","archetype":"none","base_stars":1,"natural_stars":1,"obtainable":false,"can_awaken":false,"awaken_level":0,"awaken_bonus":"","skills":[1909],"skill_ups_to_max":0,"leader_skill":null,"homunculus_skills":[],"base_hp":1200,"base_attack":80,"base_defense":80,"speed":20,"crit_rate":15,"crit_damage":50,"resistance":15,"accuracy":0,"raw_hp":40,"raw_attack":40,"raw_defense":40,"max_lvl_hp":6585,"max_lvl_attack":439,"max_lvl_defense":439,"awakens_from":null,"awakens_to":null,"awaken_cost":[],"source":[],"fusion_food":false,"homunculus":false,"craft_cost":null,"craft_materials":[]},{"id":1436,"url":"https://swarfarm.com/api/v2/monsters/1436/","bestiary_slug":"101026-pure-tower","com2us_id":101026,"family_id":100000,"name":"Tower","image_filename":"unit_icon_0008_0_3.png","element":"Pure","archetype":"none","base_stars":1,"natural_stars":1,"obtainable":false,"can_awaken":false,"awaken_level":0,"awaken_bonus":"","skills":[1912],"skill_ups_to_max":0,"leader_skill":null,"homunculus_skills":[],"base_hp":1200,"base_attack":80,"base_defense":80,"speed":70,"crit_rate":15,"crit_damage":50,"resistance":15,"accuracy":0,"raw_hp":40,"raw_attack":40,"raw_defense":40,"max_lvl_hp":6585,"max_lvl_attack":439,"max_lvl_defense":439,"awakens_from":null,"awakens_to":null,"awaken_cost":[],"source":[],"fusion_food":false,"homunculus":false,"craft_cost":null,"craft_materials":[]},{"id":1437,"url":"https://swarfarm.com/api/v2/monsters/1437/","bestiary_slug":"101126-pure-tower","com2us_id":101126,"family_id":100000,"name":"Tower","image_filename":"unit_icon_0008_0_3.png","element":"Pure","archetype":"none","base_stars":1,"natural_stars":1,"obtainable":false,"can_awaken":false,"awaken_level":0,"awaken_bonus":"","skills":[1904],"skill_ups_to_max":0,"leader_skill":null,"homunculus_skills":[],"base_hp":1200,"base_attack":80,"base_defense":80,"speed":60,"crit_rate":15,"crit_damage":50,"resistance":15,"accuracy":0,"raw_hp":40,"raw_attack":40,"raw_defense":40,"max_lvl_hp":6585,"max_lvl_attack":439,"max_lvl_defense":439,"awakens_from":null,"awakens_to":null,"awaken_cost":[],"source":[],"fusion_food":false,"homunculus":false,"craft_cost":null,"craft_materials":[]},{"id":1438,"url":"https://swarfarm.com/api/v2/monsters/1438/","bestiary_slug":"101226-pure-tower","com2us_id":101226,"family_id":100000,"name":"Tower","image_filename":"unit_icon_0008_0_3.png","element":"Pure","archetype":"none","base_stars":1,"natural_stars":1,"obtainable":false,"can_awaken":false,"awaken_level":0,"awaken_bonus":"","skills":[1901],"skill_ups_to_max":0,"leader_skill":null,"homunculus_skills":[],"base_hp":1200,"base_attack":80,"base_defense":80,"speed":110,"crit_rate":15,"crit_damage":50,"resistance":15,"accuracy":0,"raw_hp":40,"raw_attack":40,"raw_defense":40,"max_lvl_hp":6585,"max_lvl_attack":439,"max_lvl_defense":439,"awakens_from":null,"awakens_to":null,"awaken_cost":[],"source":[],"fusion_food":false,"homunculus":false,"craft_cost":null,"craft_materials":[]},{"id":1439,"url":"https://swarfarm.com/api/v2/monsters/1439/","bestiary_slug":"101326-pure-tower","com2us_id":101326,"family_id":100000,"name":"Tower","image_filename":"unit_icon_0008_0_3.png","element":"Pure","archetype":"none","base_stars":1,"natural_stars":1,"obtainable":false,"can_awaken":false,"awaken_level":0,"awaken_bonus":"","skills":[1907],"skill_ups_to_max":0,"leader_skill":null,"homunculus_skills":[],"base_hp":1200,"base_attack":80,"base_defense":80,"speed":100,"crit_rate":15,"crit_damage":50,"resistance":15,"accuracy":0,"raw_hp":40,"raw_attack":40,"raw_defense":40,"max_lvl_hp":6585,"max_lvl_attack":439,"max_lvl_defense":439,"awakens_from":null,"awakens_to":null,"awaken_cost":[],"source":[],"fusion_food":false,"homunculus":false,"craft_cost":null,"craft_materials":[]},{"id":1440,"url":"https://swarfarm.com/api/v2/monsters/1440/","bestiary_slug":"101426-pure-tower","com2us_id":101426,"family_id":100000,"name":"Tower","image_filename":"unit_icon_0008_0_3.png","element":"Pure","archetype":"none","base_stars":1,"natural_stars":1,"obtainable":false,"can_awaken":false,"awaken_level":0,"awaken_bonus":"","skills":[1910],"skill_ups_to_max":0,"leader_skill":null,"homunculus_skills":[],"base_hp":1200,"base_attack":80,"base_defense":80,"speed":70,"crit_rate":15,"crit_damage":50,"resistance":15,"accuracy":0,"raw_hp":40,"raw_attack":40,"raw_defense":40,"max_lvl_hp":6585,"max_lvl_attack":439,"max_lvl_defense":439,"awakens_from":null,"awakens_to":null,"awaken_cost":[],"source":[],"fusion_food":false,"homunculus":false,"craft_cost":null,"craft_materials":[]},{"id":1441,"url":"https://swarfarm.com/api/v2/monsters/1441/","bestiary_slug":"101526-pure-tower","com2us_id":101526,"family_id":100000,"name":"Tower","image_filename":"unit_icon_0008_0_3.png","element":"Pure","archetype":"none","base_stars":1,"natural_stars":1,"obtainable":false,"can_awaken":false,"awaken_level":0,"awaken_bonus":"","skills":[1913],"skill_ups_to_max":0,"leader_skill":null,"homunculus_skills":[],"base_hp":1200,"base_attack":80,"base_defense":80,"speed":45,"crit_rate":15,"crit_damage":50,"resistance":15,"accuracy":0,"raw_hp":40,"raw_attack":40,"raw_defense":40,"max_lvl_hp":6585,"max_lvl_attack":439,"max_lvl_defense":439,"awakens_from":null,"awakens_to":null,"awaken_cost":[],"source":[],"fusion_food":false,"homunculus":false,"craft_cost":null,"craft_materials":[]},{"id":1442,"url":"https://swarfarm.com/api/v2/monsters/1442/","bestiary_slug":"101626-pure-","com2us_id":101626,"family_id":100000,"name":"타워(불) - 전체 충격 수정","image_filename":"unit_icon_0008_0_3.png","element":"Pure","archetype":"none","base_stars":1,"natural_stars":1,"obtainable":false,"can_awaken":false,"awaken_level":0,"awaken_bonus":"","skills":[1914],"skill_ups_to_max":0,"leader_skill":null,"homunculus_skills":[],"base_hp":1200,"base_attack":80,"base_defense":80,"speed":100,"crit_rate":15,"crit_damage":50,"resistance":15,"accuracy":30,"raw_hp":40,"raw_attack":40,"raw_defense":40,"max_lvl_hp":6585,"max_lvl_attack":439,"max_lvl_defense":439,"awakens_from":null,"awakens_to":null,"awaken_cost":[],"source":[],"fusion_food":false,"homunculus":false,"craft_cost":null,"craft_materials":[]},{"id":1443,"url":"https://swarfarm.com/api/v2/monsters/1443/","bestiary_slug":"101726-pure-","com2us_id":101726,"family_id":100000,"name":"타워(불) - 공속 게이지","image_filename":"unit_icon_0008_0_3.png","element":"Pure","archetype":"none","base_stars":1,"natural_stars":1,"obtainable":false,"can_awaken":false,"awaken_level":0,"awaken_bonus":"","skills":[1916],"skill_ups_to_max":0,"leader_skill":null,"homunculus_skills":[],"base_hp":1200,"base_attack":80,"base_defense":80,"speed":100,"crit_rate":15,"crit_damage":50,"resistance":15,"accuracy":0,"raw_hp":40,"raw_attack":40,"raw_defense":40,"max_lvl_hp":6585,"max_lvl_attack":439,"max_lvl_defense":439,"awakens_from":null,"awakens_to":null,"awaken_cost":[],"source":[],"fusion_food":false,"homunculus":false,"craft_cost":null,"craft_materials":[]},{"id":1444,"url":"https://swarfarm.com/api/v2/monsters/1444/","bestiary_slug":"100136-pure-tower","com2us_id":100136,"family_id":100000,"name":"Tower","image_filename":"unit_icon_0008_0_3.png","element":"Pure","archetype":"none","base_stars":1,"natural_stars":1,"obtainable":false,"can_awaken":false,"awaken_level":0,"awaken_bonus":"","skills":[1902],"skill_ups_to_max":0,"leader_skill":null,"homunculus_skills":[],"base_hp":1200,"base_attack":80,"base_defense":80,"speed":120,"crit_rate":15,"crit_damage":50,"resistance":15,"accuracy":0,"raw_hp":40,"raw_attack":40,"raw_defense":40,"max_lvl_hp":6585,"max_lvl_attack":439,"max_lvl_defense":439,"awakens_from":null,"awakens_to":null,"awaken_cost":[],"source":[],"fusion_food":false,"homunculus":false,"craft_cost":null,"craft_materials":[]},{"id":1445,"url":"https://swarfarm.com/api/v2/monsters/1445/","bestiary_slug":"100236-pure-tower","com2us_id":100236,"family_id":100000,"name":"Tower","image_filename":"unit_icon_0008_0_3.png","element":"Pure","archetype":"none","base_stars":1,"natural_stars":1,"obtainable":false,"can_awaken":false,"awaken_level":0,"awaken_bonus":"","skills":[1899],"skill_ups_to_max":0,"leader_skill":null,"homunculus_skills":[],"base_hp":1200,"base_attack":80,"base_defense":80,"speed":70,"crit_rate":15,"crit_damage":50,"resistance":15,"accuracy":0,"raw_hp":40,"raw_attack":40,"raw_defense":40,"max_lvl_hp":6585,"max_lvl_attack":439,"max_lvl_defense":439,"awakens_from":null,"awakens_to":null,"awaken_cost":[],"source":[],"fusion_food":false,"homunculus":false,"craft_cost":null,"craft_materials":[]},{"id":1446,"url":"https://swarfarm.com/api/v2/monsters/1446/","bestiary_slug":"100336-pure-tower","com2us_id":100336,"family_id":100000,"name":"Tower","image_filename":"unit_icon_0008_0_3.png","element":"Pure","archetype":"none","base_stars":1,"natural_stars":1,"obtainable":false,"can_awaken":false,"awaken_level":0,"awaken_bonus":"","skills":[1905],"skill_ups_to_max":0,"leader_skill":null,"homunculus_skills":[],"base_hp":1200,"base_attack":80,"base_defense":80,"speed":150,"crit_rate":15,"crit_damage":50,"resistance":15,"accuracy":0,"raw_hp":40,"raw_attack":40,"raw_defense":40,"max_lvl_hp":6585,"max_lvl_attack":439,"max_lvl_defense":439,"awakens_from":null,"awakens_to":null,"awaken_cost":[],"source":[],"fusion_food":false,"homunculus":false,"craft_cost":null,"craft_materials":[]},{"id":1447,"url":"https://swarfarm.com/api/v2/monsters/1447/","bestiary_slug":"100436-pure-tower","com2us_id":100436,"family_id":100000,"name":"Tower","image_filename":"unit_icon_0008_0_3.png","element":"Pure","archetype":"none","base_stars":1,"natural_stars":1,"obtainable":false,"can_awaken":false,"awaken_level":0,"awaken_bonus":"","skills":[1908],"skill_ups_to_max":0,"leader_skill":null,"homunculus_skills":[],"base_hp":1200,"base_attack":80,"base_defense":80,"speed":40,"crit_rate":15,"crit_damage":50,"resistance":15,"accuracy":0,"raw_hp":40,"raw_attack":40,"raw_defense":40,"max_lvl_hp":6585,"max_lvl_attack":439,"max_lvl_defense":439,"awakens_from":null,"awakens_to":null,"awaken_cost":[],"source":[],"fusion_food":false,"homunculus":false,"craft_cost":null,"craft_materials":[]},{"id":1448,"url":"https://swarfarm.com/api/v2/monsters/1448/","bestiary_slug":"100536-pure-tower","com2us_id":100536,"family_id":100000,"name":"Tower","image_filename":"unit_icon_0008_0_3.png","element":"Pure","archetype":"none","base_stars":1,"natural_stars":1,"obtainable":false,"can_awaken":false,"awaken_level":0,"awaken_bonus":"","skills":[1911],"skill_ups_to_max":0,"leader_skill":null,"homunculus_skills":[],"base_hp":1200,"base_attack":80,"base_defense":80,"speed":25,"crit_rate":15,"crit_damage":50,"resistance":15,"accuracy":0,"raw_hp":40,"raw_attack":40,"raw_defense":40,"max_lvl_hp":6585,"max_lvl_attack":439,"max_lvl_defense":439,"awakens_from":null,"awakens_to":null,"awaken_cost":[],"source":[],"fusion_food":false,"homunculus":false,"craft_cost":null,"craft_materials":[]},{"id":1449,"url":"https://swarfarm.com/api/v2/monsters/1449/","bestiary_slug":"100636-pure-tower","com2us_id":100636,"family_id":100000,"name":"Tower","image_filename":"unit_icon_0008_0_3.png","element":"Pure","archetype":"none","base_stars":1,"natural_stars":1,"obtainable":false,"can_awaken":false,"awaken_level":0,"awaken_bonus":"","skills":[1903],"skill_ups_to_max":0,"leader_skill":null,"homunculus_skills":[],"base_hp":1200,"base_attack":80,"base_defense":80,"speed":60,"crit_rate":15,"crit_damage":50,"resistance":15,"accuracy":0,"raw_hp":40,"raw_attack":40,"raw_defense":40,"max_lvl_hp":6585,"max_lvl_attack":439,"max_lvl_defense":439,"awakens_from":null,"awakens_to":null,"awaken_cost":[],"source":[],"fusion_food":false,"homunculus":false,"craft_cost":null,"craft_materials":[]},{"id":1450,"url":"https://swarfarm.com/api/v2/monsters/1450/","bestiary_slug":"100736-pure-tower","com2us_id":100736,"family_id":100000,"name":"Tower","image_filename":"unit_icon_0008_0_3.png","element":"Pure","archetype":"none","base_stars":1,"natural_stars":1,"obtainable":false,"can_awaken":false,"awaken_level":0,"awaken_bonus":"","skills":[1900],"skill_ups_to_max":0,"leader_skill":null,"homunculus_skills":[],"base_hp":1200,"base_attack":80,"base_defense":80,"speed":50,"crit_rate":15,"crit_damage":50,"resistance":15,"accuracy":0,"raw_hp":40,"raw_attack":40,"raw_defense":40,"max_lvl_hp":6585,"max_lvl_attack":439,"max_lvl_defense":439,"awakens_from":null,"awakens_to":null,"awaken_cost":[],"source":[],"fusion_food":false,"homunculus":false,"craft_cost":null,"craft_materials":[]},{"id":1451,"url":"https://swarfarm.com/api/v2/monsters/1451/","bestiary_slug":"100836-pure-tower","com2us_id":100836,"family_id":100000,"name":"Tower","image_filename":"unit_icon_0008_0_3.png","element":"Pure","archetype":"none","base_stars":1,"natural_stars":1,"obtainable":false,"can_awaken":false,"awaken_level":0,"awaken_bonus":"","skills":[1906],"skill_ups_to_max":0,"leader_skill":null,"homunculus_skills":[],"base_hp":1200,"base_attack":80,"base_defense":80,"speed":60,"crit_rate":15,"crit_damage":50,"resistance":15,"accuracy":0,"raw_hp":40,"raw_attack":40,"raw_defense":40,"max_lvl_hp":6585,"max_lvl_attack":439,"max_lvl_defense":439,"awakens_from":null,"awakens_to":null,"awaken_cost":[],"source":[],"fusion_food":false,"homunculus":false,"craft_cost":null,"craft_materials":[]},{"id":1452,"url":"https://swarfarm.com/api/v2/monsters/1452/","bestiary_slug":"100936-pure-tower","com2us_id":100936,"family_id":100000,"name":"Tower","image_filename":"unit_icon_0008_0_3.png","element":"Pure","archetype":"none","base_stars":1,"natural_stars":1,"obtainable":false,"can_awaken":false,"awaken_level":0,"awaken_bonus":"","skills":[1909],"skill_ups_to_max":0,"leader_skill":null,"homunculus_skills":[],"base_hp":1200,"base_attack":80,"base_defense":80,"speed":20,"crit_rate":15,"crit_damage":50,"resistance":15,"accuracy":0,"raw_hp":40,"raw_attack":40,"raw_defense":40,"max_lvl_hp":6585,"max_lvl_attack":439,"max_lvl_defense":439,"awakens_from":null,"awakens_to":null,"awaken_cost":[],"source":[],"fusion_food":false,"homunculus":false,"craft_cost":null,"craft_materials":[]},{"id":1453,"url":"https://swarfarm.com/api/v2/monsters/1453/","bestiary_slug":"101036-pure-tower","com2us_id":101036,"family_id":100000,"name":"Tower","image_filename":"unit_icon_0008_0_3.png","element":"Pure","archetype":"none","base_stars":1,"natural_stars":1,"obtainable":false,"can_awaken":false,"awaken_level":0,"awaken_bonus":"","skills":[1912],"skill_ups_to_max":0,"leader_skill":null,"homunculus_skills":[],"base_hp":1200,"base_attack":80,"base_defense":80,"speed":70,"crit_rate":15,"crit_damage":50,"resistance":15,"accuracy":0,"raw_hp":40,"raw_attack":40,"raw_defense":40,"max_lvl_hp":6585,"max_lvl_attack":439,"max_lvl_defense":439,"awakens_from":null,"awakens_to":null,"awaken_cost":[],"source":[],"fusion_food":false,"homunculus":false,"craft_cost":null,"craft_materials":[]},{"id":1454,"url":"https://swarfarm.com/api/v2/monsters/1454/","bestiary_slug":"101136-pure-tower","com2us_id":101136,"family_id":100000,"name":"Tower","image_filename":"unit_icon_0008_0_3.png","element":"Pure","archetype":"none","base_stars":1,"natural_stars":1,"obtainable":false,"can_awaken":false,"awaken_level":0,"awaken_bonus":"","skills":[1904],"skill_ups_to_max":0,"leader_skill":null,"homunculus_skills":[],"base_hp":1200,"base_attack":80,"base_defense":80,"speed":60,"crit_rate":15,"crit_damage":50,"resistance":15,"accuracy":0,"raw_hp":40,"raw_attack":40,"raw_defense":40,"max_lvl_hp":6585,"max_lvl_attack":439,"max_lvl_defense":439,"awakens_from":null,"awakens_to":null,"awaken_cost":[],"source":[],"fusion_food":false,"homunculus":false,"craft_cost":null,"craft_materials":[]},{"id":1455,"url":"https://swarfarm.com/api/v2/monsters/1455/","bestiary_slug":"101236-pure-tower","com2us_id":101236,"family_id":100000,"name":"Tower","image_filename":"unit_icon_0008_0_3.png","element":"Pure","archetype":"none","base_stars":1,"natural_stars":1,"obtainable":false,"can_awaken":false,"awaken_level":0,"awaken_bonus":"","skills":[1901],"skill_ups_to_max":0,"leader_skill":null,"homunculus_skills":[],"base_hp":1200,"base_attack":80,"base_defense":80,"speed":110,"crit_rate":15,"crit_damage":50,"resistance":15,"accuracy":0,"raw_hp":40,"raw_attack":40,"raw_defense":40,"max_lvl_hp":6585,"max_lvl_attack":439,"max_lvl_defense":439,"awakens_from":null,"awakens_to":null,"awaken_cost":[],"source":[],"fusion_food":false,"homunculus":false,"craft_cost":null,"craft_materials":[]},{"id":1456,"url":"https://swarfarm.com/api/v2/monsters/1456/","bestiary_slug":"101336-pure-tower","com2us_id":101336,"family_id":100000,"name":"Tower","image_filename":"unit_icon_0008_0_3.png","element":"Pure","archetype":"none","base_stars":1,"natural_stars":1,"obtainable":false,"can_awaken":false,"awaken_level":0,"awaken_bonus":"","skills":[1907],"skill_ups_to_max":0,"leader_skill":null,"homunculus_skills":[],"base_hp":1200,"base_attack":80,"base_defense":80,"speed":100,"crit_rate":15,"crit_damage":50,"resistance":15,"accuracy":0,"raw_hp":40,"raw_attack":40,"raw_defense":40,"max_lvl_hp":6585,"max_lvl_attack":439,"max_lvl_defense":439,"awakens_from":null,"awakens_to":null,"awaken_cost":[],"source":[],"fusion_food":false,"homunculus":false,"craft_cost":null,"craft_materials":[]},{"id":1457,"url":"https://swarfarm.com/api/v2/monsters/1457/","bestiary_slug":"101436-pure-tower","com2us_id":101436,"family_id":100000,"name":"Tower","image_filename":"unit_icon_0008_0_3.png","element":"Pure","archetype":"none","base_stars":1,"natural_stars":1,"obtainable":false,"can_awaken":false,"awaken_level":0,"awaken_bonus":"","skills":[1910],"skill_ups_to_max":0,"leader_skill":null,"homunculus_skills":[],"base_hp":1200,"base_attack":80,"base_defense":80,"speed":70,"crit_rate":15,"crit_damage":50,"resistance":15,"accuracy":0,"raw_hp":40,"raw_attack":40,"raw_defense":40,"max_lvl_hp":6585,"max_lvl_attack":439,"max_lvl_defense":439,"awakens_from":null,"awakens_to":null,"awaken_cost":[],"source":[],"fusion_food":false,"homunculus":false,"craft_cost":null,"craft_materials":[]},{"id":1458,"url":"https://swarfarm.com/api/v2/monsters/1458/","bestiary_slug":"101536-pure-tower","com2us_id":101536,"family_id":100000,"name":"Tower","image_filename":"unit_icon_0008_0_3.png","element":"Pure","archetype":"none","base_stars":1,"natural_stars":1,"obtainable":false,"can_awaken":false,"awaken_level":0,"awaken_bonus":"","skills":[1913],"skill_ups_to_max":0,"leader_skill":null,"homunculus_skills":[],"base_hp":1200,"base_attack":80,"base_defense":80,"speed":45,"crit_rate":15,"crit_damage":50,"resistance":15,"accuracy":0,"raw_hp":40,"raw_attack":40,"raw_defense":40,"max_lvl_hp":6585,"max_lvl_attack":439,"max_lvl_defense":439,"awakens_from":null,"awakens_to":null,"awaken_cost":[],"source":[],"fusion_food":false,"homunculus":false,"craft_cost":null,"craft_materials":[]},{"id":1459,"url":"https://swarfarm.com/api/v2/monsters/1459/","bestiary_slug":"101636-pure-","com2us_id":101636,"family_id":100000,"name":"타워(바람) - 전체 충격 수정","image_filename":"unit_icon_0008_0_3.png","element":"Pure","archetype":"none","base_stars":1,"natural_stars":1,"obtainable":false,"can_awaken":false,"awaken_level":0,"awaken_bonus":"","skills":[1914],"skill_ups_to_max":0,"leader_skill":null,"homunculus_skills":[],"base_hp":1200,"base_attack":80,"base_defense":80,"speed":100,"crit_rate":15,"crit_damage":50,"resistance":15,"accuracy":30,"raw_hp":40,"raw_attack":40,"raw_defense":40,"max_lvl_hp":6585,"max_lvl_attack":439,"max_lvl_defense":439,"awakens_from":null,"awakens_to":null,"awaken_cost":[],"source":[],"fusion_food":false,"homunculus":false,"craft_cost":null,"craft_materials":[]},{"id":1460,"url":"https://swarfarm.com/api/v2/monsters/1460/","bestiary_slug":"101736-pure-","com2us_id":101736,"family_id":100000,"name":"타워(바람) - 공속 게이지","image_filename":"unit_icon_0008_0_3.png","element":"Pure","archetype":"none","base_stars":1,"natural_stars":1,"obtainable":false,"can_awaken":false,"awaken_level":0,"awaken_bonus":"","skills":[1916],"skill_ups_to_max":0,"leader_skill":null,"homunculus_skills":[],"base_hp":1200,"base_attack":80,"base_defense":80,"speed":100,"crit_rate":15,"crit_damage":50,"resistance":15,"accuracy":0,"raw_hp":40,"raw_attack":40,"raw_defense":40,"max_lvl_hp":6585,"max_lvl_attack":439,"max_lvl_defense":439,"awakens_from":null,"awakens_to":null,"awaken_cost":[],"source":[],"fusion_food":false,"homunculus":false,"craft_cost":null,"craft_materials":[]},{"id":1461,"url":"https://swarfarm.com/api/v2/monsters/1461/","bestiary_slug":"100146-pure-tower","com2us_id":100146,"family_id":100000,"name":"Tower","image_filename":"unit_icon_0008_0_3.png","element":"Pure","archetype":"none","base_stars":1,"natural_stars":1,"obtainable":false,"can_awaken":false,"awaken_level":0,"awaken_bonus":"","skills":[1902],"skill_ups_to_max":0,"leader_skill":null,"homunculus_skills":[],"base_hp":1200,"base_attack":80,"base_defense":80,"speed":120,"crit_rate":15,"crit_damage":50,"resistance":15,"accuracy":0,"raw_hp":40,"raw_attack":40,"raw_defense":40,"max_lvl_hp":6585,"max_lvl_attack":439,"max_lvl_defense":439,"awakens_from":null,"awakens_to":null,"awaken_cost":[],"source":[],"fusion_food":false,"homunculus":false,"craft_cost":null,"craft_materials":[]},{"id":1462,"url":"https://swarfarm.com/api/v2/monsters/1462/","bestiary_slug":"100246-pure-tower","com2us_id":100246,"family_id":100000,"name":"Tower","image_filename":"unit_icon_0008_0_3.png","element":"Pure","archetype":"none","base_stars":1,"natural_stars":1,"obtainable":false,"can_awaken":false,"awaken_level":0,"awaken_bonus":"","skills":[1899],"skill_ups_to_max":0,"leader_skill":null,"homunculus_skills":[],"base_hp":1200,"base_attack":80,"base_defense":80,"speed":70,"crit_rate":15,"crit_damage":50,"resistance":15,"accuracy":0,"raw_hp":40,"raw_attack":40,"raw_defense":40,"max_lvl_hp":6585,"max_lvl_attack":439,"max_lvl_defense":439,"awakens_from":null,"awakens_to":null,"awaken_cost":[],"source":[],"fusion_food":false,"homunculus":false,"craft_cost":null,"craft_materials":[]},{"id":1463,"url":"https://swarfarm.com/api/v2/monsters/1463/","bestiary_slug":"100346-pure-tower","com2us_id":100346,"family_id":100000,"name":"Tower","image_filename":"unit_icon_0008_0_3.png","element":"Pure","archetype":"none","base_stars":1,"natural_stars":1,"obtainable":false,"can_awaken":false,"awaken_level":0,"awaken_bonus":"","skills":[1905],"skill_ups_to_max":0,"leader_skill":null,"homunculus_skills":[],"base_hp":1200,"base_attack":80,"base_defense":80,"speed":150,"crit_rate":15,"crit_damage":50,"resistance":15,"accuracy":0,"raw_hp":40,"raw_attack":40,"raw_defense":40,"max_lvl_hp":6585,"max_lvl_attack":439,"max_lvl_defense":439,"awakens_from":null,"awakens_to":null,"awaken_cost":[],"source":[],"fusion_food":false,"homunculus":false,"craft_cost":null,"craft_materials":[]},{"id":1464,"url":"https://swarfarm.com/api/v2/monsters/1464/","bestiary_slug":"100446-pure-tower","com2us_id":100446,"family_id":100000,"name":"Tower","image_filename":"unit_icon_0008_0_3.png","element":"Pure","archetype":"none","base_stars":1,"natural_stars":1,"obtainable":false,"can_awaken":false,"awaken_level":0,"awaken_bonus":"","skills":[1908],"skill_ups_to_max":0,"leader_skill":null,"homunculus_skills":[],"base_hp":1200,"base_attack":80,"base_defense":80,"speed":40,"crit_rate":15,"crit_damage":50,"resistance":15,"accuracy":0,"raw_hp":40,"raw_attack":40,"raw_defense":40,"max_lvl_hp":6585,"max_lvl_attack":439,"max_lvl_defense":439,"awakens_from":null,"awakens_to":null,"awaken_cost":[],"source":[],"fusion_food":false,"homunculus":false,"craft_cost":null,"craft_materials":[]},{"id":1465,"url":"https://swarfarm.com/api/v2/monsters/1465/","bestiary_slug":"100546-pure-tower","com2us_id":100546,"family_id":100000,"name":"Tower","image_filename":"unit_icon_0008_0_3.png","element":"Pure","archetype":"none","base_stars":1,"natural_stars":1,"obtainable":false,"can_awaken":false,"awaken_level":0,"awaken_bonus":"","skills":[1911],"skill_ups_to_max":0,"leader_skill":null,"homunculus_skills":[],"base_hp":1200,"base_attack":80,"base_defense":80,"speed":25,"crit_rate":15,"crit_damage":50,"resistance":15,"accuracy":0,"raw_hp":40,"raw_attack":40,"raw_defense":40,"max_lvl_hp":6585,"max_lvl_attack":439,"max_lvl_defense":439,"awakens_from":null,"awakens_to":null,"awaken_cost":[],"source":[],"fusion_food":false,"homunculus":false,"craft_cost":null,"craft_materials":[]},{"id":1466,"url":"https://swarfarm.com/api/v2/monsters/1466/","bestiary_slug":"100646-pure-tower","com2us_id":100646,"family_id":100000,"name":"Tower","image_filename":"unit_icon_0008_0_3.png","element":"Pure","archetype":"none","base_stars":1,"natural_stars":1,"obtainable":false,"can_awaken":false,"awaken_level":0,"awaken_bonus":"","skills":[1903],"skill_ups_to_max":0,"leader_skill":null,"homunculus_skills":[],"base_hp":1200,"base_attack":80,"base_defense":80,"speed":60,"crit_rate":15,"crit_damage":50,"resistance":15,"accuracy":0,"raw_hp":40,"raw_attack":40,"raw_defense":40,"max_lvl_hp":6585,"max_lvl_attack":439,"max_lvl_defense":439,"awakens_from":null,"awakens_to":null,"awaken_cost":[],"source":[],"fusion_food":false,"homunculus":false,"craft_cost":null,"craft_materials":[]},{"id":1467,"url":"https://swarfarm.com/api/v2/monsters/1467/","bestiary_slug":"100746-pure-tower","com2us_id":100746,"family_id":100000,"name":"Tower","image_filename":"unit_icon_0008_0_3.png","element":"Pure","archetype":"none","base_stars":1,"natural_stars":1,"obtainable":false,"can_awaken":false,"awaken_level":0,"awaken_bonus":"","skills":[1900],"skill_ups_to_max":0,"leader_skill":null,"homunculus_skills":[],"base_hp":1200,"base_attack":80,"base_defense":80,"speed":50,"crit_rate":15,"crit_damage":50,"resistance":15,"accuracy":0,"raw_hp":40,"raw_attack":40,"raw_defense":40,"max_lvl_hp":6585,"max_lvl_attack":439,"max_lvl_defense":439,"awakens_from":null,"awakens_to":null,"awaken_cost":[],"source":[],"fusion_food":false,"homunculus":false,"craft_cost":null,"craft_materials":[]},{"id":1468,"url":"https://swarfarm.com/api/v2/monsters/1468/","bestiary_slug":"100846-pure-tower","com2us_id":100846,"family_id":100000,"name":"Tower","image_filename":"unit_icon_0008_0_3.png","element":"Pure","archetype":"none","base_stars":1,"natural_stars":1,"obtainable":false,"can_awaken":false,"awaken_level":0,"awaken_bonus":"","skills":[1906],"skill_ups_to_max":0,"leader_skill":null,"homunculus_skills":[],"base_hp":1200,"base_attack":80,"base_defense":80,"speed":60,"crit_rate":15,"crit_damage":50,"resistance":15,"accuracy":0,"raw_hp":40,"raw_attack":40,"raw_defense":40,"max_lvl_hp":6585,"max_lvl_attack":439,"max_lvl_defense":439,"awakens_from":null,"awakens_to":null,"awaken_cost":[],"source":[],"fusion_food":false,"homunculus":false,"craft_cost":null,"craft_materials":[]},{"id":1469,"url":"https://swarfarm.com/api/v2/monsters/1469/","bestiary_slug":"100946-pure-tower","com2us_id":100946,"family_id":100000,"name":"Tower","image_filename":"unit_icon_0008_0_3.png","element":"Pure","archetype":"none","base_stars":1,"natural_stars":1,"obtainable":false,"can_awaken":false,"awaken_level":0,"awaken_bonus":"","skills":[1909],"skill_ups_to_max":0,"leader_skill":null,"homunculus_skills":[],"base_hp":1200,"base_attack":80,"base_defense":80,"speed":20,"crit_rate":15,"crit_damage":50,"resistance":15,"accuracy":0,"raw_hp":40,"raw_attack":40,"raw_defense":40,"max_lvl_hp":6585,"max_lvl_attack":439,"max_lvl_defense":439,"awakens_from":null,"awakens_to":null,"awaken_cost":[],"source":[],"fusion_food":false,"homunculus":false,"craft_cost":null,"craft_materials":[]},{"id":1470,"url":"https://swarfarm.com/api/v2/monsters/1470/","bestiary_slug":"101046-pure-tower","com2us_id":101046,"family_id":100000,"name":"Tower","image_filename":"unit_icon_0008_0_3.png","element":"Pure","archetype":"none","base_stars":1,"natural_stars":1,"obtainable":false,"can_awaken":false,"awaken_level":0,"awaken_bonus":"","skills":[1912],"skill_ups_to_max":0,"leader_skill":null,"homunculus_skills":[],"base_hp":1200,"base_attack":80,"base_defense":80,"speed":70,"crit_rate":15,"crit_damage":50,"resistance":15,"accuracy":0,"raw_hp":40,"raw_attack":40,"raw_defense":40,"max_lvl_hp":6585,"max_lvl_attack":439,"max_lvl_defense":439,"awakens_from":null,"awakens_to":null,"awaken_cost":[],"source":[],"fusion_food":false,"homunculus":false,"craft_cost":null,"craft_materials":[]},{"id":1471,"url":"https://swarfarm.com/api/v2/monsters/1471/","bestiary_slug":"101146-pure-tower","com2us_id":101146,"family_id":100000,"name":"Tower","image_filename":"unit_icon_0008_0_3.png","element":"Pure","archetype":"none","base_stars":1,"natural_stars":1,"obtainable":false,"can_awaken":false,"awaken_level":0,"awaken_bonus":"","skills":[1904],"skill_ups_to_max":0,"leader_skill":null,"homunculus_skills":[],"base_hp":1200,"base_attack":80,"base_defense":80,"speed":60,"crit_rate":15,"crit_damage":50,"resistance":15,"accuracy":0,"raw_hp":40,"raw_attack":40,"raw_defense":40,"max_lvl_hp":6585,"max_lvl_attack":439,"max_lvl_defense":439,"awakens_from":null,"awakens_to":null,"awaken_cost":[],"source":[],"fusion_food":false,"homunculus":false,"craft_cost":null,"craft_materials":[]},{"id":1472,"url":"https://swarfarm.com/api/v2/monsters/1472/","bestiary_slug":"101246-pure-tower","com2us_id":101246,"family_id":100000,"name":"Tower","image_filename":"unit_icon_0008_0_3.png","element":"Pure","archetype":"none","base_stars":1,"natural_stars":1,"obtainable":false,"can_awaken":false,"awaken_level":0,"awaken_bonus":"","skills":[1901],"skill_ups_to_max":0,"leader_skill":null,"homunculus_skills":[],"base_hp":1200,"base_attack":80,"base_defense":80,"speed":110,"crit_rate":15,"crit_damage":50,"resistance":15,"accuracy":0,"raw_hp":40,"raw_attack":40,"raw_defense":40,"max_lvl_hp":6585,"max_lvl_attack":439,"max_lvl_defense":439,"awakens_from":null,"awakens_to":null,"awaken_cost":[],"source":[],"fusion_food":false,"homunculus":false,"craft_cost":null,"craft_materials":[]},{"id":1473,"url":"https://swarfarm.com/api/v2/monsters/1473/","bestiary_slug":"101346-pure-tower","com2us_id":101346,"family_id":100000,"name":"Tower","image_filename":"unit_icon_0008_0_3.png","element":"Pure","archetype":"none","base_stars":1,"natural_stars":1,"obtainable":false,"can_awaken":false,"awaken_level":0,"awaken_bonus":"","skills":[1907],"skill_ups_to_max":0,"leader_skill":null,"homunculus_skills":[],"base_hp":1200,"base_attack":80,"base_defense":80,"speed":100,"crit_rate":15,"crit_damage":50,"resistance":15,"accuracy":0,"raw_hp":40,"raw_attack":40,"raw_defense":40,"max_lvl_hp":6585,"max_lvl_attack":439,"max_lvl_defense":439,"awakens_from":null,"awakens_to":null,"awaken_cost":[],"source":[],"fusion_food":false,"homunculus":false,"craft_cost":null,"craft_materials":[]},{"id":1474,"url":"https://swarfarm.com/api/v2/monsters/1474/","bestiary_slug":"101446-pure-tower","com2us_id":101446,"family_id":100000,"name":"Tower","image_filename":"unit_icon_0008_0_3.png","element":"Pure","archetype":"none","base_stars":1,"natural_stars":1,"obtainable":false,"can_awaken":false,"awaken_level":0,"awaken_bonus":"","skills":[1910],"skill_ups_to_max":0,"leader_skill":null,"homunculus_skills":[],"base_hp":1200,"base_attack":80,"base_defense":80,"speed":70,"crit_rate":15,"crit_damage":50,"resistance":15,"accuracy":0,"raw_hp":40,"raw_attack":40,"raw_defense":40,"max_lvl_hp":6585,"max_lvl_attack":439,"max_lvl_defense":439,"awakens_from":null,"awakens_to":null,"awaken_cost":[],"source":[],"fusion_food":false,"homunculus":false,"craft_cost":null,"craft_materials":[]},{"id":1475,"url":"https://swarfarm.com/api/v2/monsters/1475/","bestiary_slug":"101546-pure-tower","com2us_id":101546,"family_id":100000,"name":"Tower","image_filename":"unit_icon_0008_0_3.png","element":"Pure","archetype":"none","base_stars":1,"natural_stars":1,"obtainable":false,"can_awaken":false,"awaken_level":0,"awaken_bonus":"","skills":[1913],"skill_ups_to_max":0,"leader_skill":null,"homunculus_skills":[],"base_hp":1200,"base_attack":80,"base_defense":80,"speed":45,"crit_rate":15,"crit_damage":50,"resistance":15,"accuracy":0,"raw_hp":40,"raw_attack":40,"raw_defense":40,"max_lvl_hp":6585,"max_lvl_attack":439,"max_lvl_defense":439,"awakens_from":null,"awakens_to":null,"awaken_cost":[],"source":[],"fusion_food":false,"homunculus":false,"craft_cost":null,"craft_materials":[]},{"id":1476,"url":"https://swarfarm.com/api/v2/monsters/1476/","bestiary_slug":"101646-pure-","com2us_id":101646,"family_id":100000,"name":"타워(빛) - 전체 충격 수정","image_filename":"unit_icon_0008_0_3.png","element":"Pure","archetype":"none","base_stars":1,"natural_stars":1,"obtainable":false,"can_awaken":false,"awaken_level":0,"awaken_bonus":"","skills":[1914],"skill_ups_to_max":0,"leader_skill":null,"homunculus_skills":[],"base_hp":1200,"base_attack":80,"base_defense":80,"speed":100,"crit_rate":15,"crit_damage":50,"resistance":15,"accuracy":30,"raw_hp":40,"raw_attack":40,"raw_defense":40,"max_lvl_hp":6585,"max_lvl_attack":439,"max_lvl_defense":439,"awakens_from":null,"awakens_to":null,"awaken_cost":[],"source":[],"fusion_food":false,"homunculus":false,"craft_cost":null,"craft_materials":[]},{"id":1477,"url":"https://swarfarm.com/api/v2/monsters/1477/","bestiary_slug":"101746-pure-","com2us_id":101746,"family_id":100000,"name":"타워(빛) - 공속 게이지","image_filename":"unit_icon_0008_0_3.png","element":"Pure","archetype":"none","base_stars":1,"natural_stars":1,"obtainable":false,"can_awaken":false,"awaken_level":0,"awaken_bonus":"","skills":[1916],"skill_ups_to_max":0,"leader_skill":null,"homunculus_skills":[],"base_hp":1200,"base_attack":80,"base_defense":80,"speed":100,"crit_rate":15,"crit_damage":50,"resistance":15,"accuracy":0,"raw_hp":40,"raw_attack":40,"raw_defense":40,"max_lvl_hp":6585,"max_lvl_attack":439,"max_lvl_defense":439,"awakens_from":null,"awakens_to":null,"awaken_cost":[],"source":[],"fusion_food":false,"homunculus":false,"craft_cost":null,"craft_materials":[]},{"id":1478,"url":"https://swarfarm.com/api/v2/monsters/1478/","bestiary_slug":"100156-pure-tower","com2us_id":100156,"family_id":100000,"name":"Tower","image_filename":"unit_icon_0008_0_3.png","element":"Pure","archetype":"none","base_stars":1,"natural_stars":1,"obtainable":false,"can_awaken":false,"awaken_level":0,"awaken_bonus":"","skills":[1902],"skill_ups_to_max":0,"leader_skill":null,"homunculus_skills":[],"base_hp":1200,"base_attack":80,"base_defense":80,"speed":120,"crit_rate":15,"crit_damage":50,"resistance":15,"accuracy":0,"raw_hp":40,"raw_attack":40,"raw_defense":40,"max_lvl_hp":6585,"max_lvl_attack":439,"max_lvl_defense":439,"awakens_from":null,"awakens_to":null,"awaken_cost":[],"source":[],"fusion_food":false,"homunculus":false,"craft_cost":null,"craft_materials":[]},{"id":1479,"url":"https://swarfarm.com/api/v2/monsters/1479/","bestiary_slug":"100256-pure-tower","com2us_id":100256,"family_id":100000,"name":"Tower","image_filename":"unit_icon_0008_0_3.png","element":"Pure","archetype":"none","base_stars":1,"natural_stars":1,"obtainable":false,"can_awaken":false,"awaken_level":0,"awaken_bonus":"","skills":[1899],"skill_ups_to_max":0,"leader_skill":null,"homunculus_skills":[],"base_hp":1200,"base_attack":80,"base_defense":80,"speed":70,"crit_rate":15,"crit_damage":50,"resistance":15,"accuracy":0,"raw_hp":40,"raw_attack":40,"raw_defense":40,"max_lvl_hp":6585,"max_lvl_attack":439,"max_lvl_defense":439,"awakens_from":null,"awakens_to":null,"awaken_cost":[],"source":[],"fusion_food":false,"homunculus":false,"craft_cost":null,"craft_materials":[]},{"id":1480,"url":"https://swarfarm.com/api/v2/monsters/1480/","bestiary_slug":"100356-pure-tower","com2us_id":100356,"family_id":100000,"name":"Tower","image_filename":"unit_icon_0008_0_3.png","element":"Pure","archetype":"none","base_stars":1,"natural_stars":1,"obtainable":false,"can_awaken":false,"awaken_level":0,"awaken_bonus":"","skills":[1905],"skill_ups_to_max":0,"leader_skill":null,"homunculus_skills":[],"base_hp":1200,"base_attack":80,"base_defense":80,"speed":150,"crit_rate":15,"crit_damage":50,"resistance":15,"accuracy":0,"raw_hp":40,"raw_attack":40,"raw_defense":40,"max_lvl_hp":6585,"max_lvl_attack":439,"max_lvl_defense":439,"awakens_from":null,"awakens_to":null,"awaken_cost":[],"source":[],"fusion_food":false,"homunculus":false,"craft_cost":null,"craft_materials":[]},{"id":1481,"url":"https://swarfarm.com/api/v2/monsters/1481/","bestiary_slug":"100456-pure-tower","com2us_id":100456,"family_id":100000,"name":"Tower","image_filename":"unit_icon_0008_0_3.png","element":"Pure","archetype":"none","base_stars":1,"natural_stars":1,"obtainable":false,"can_awaken":false,"awaken_level":0,"awaken_bonus":"","skills":[1908],"skill_ups_to_max":0,"leader_skill":null,"homunculus_skills":[],"base_hp":1200,"base_attack":80,"base_defense":80,"speed":40,"crit_rate":15,"crit_damage":50,"resistance":15,"accuracy":0,"raw_hp":40,"raw_attack":40,"raw_defense":40,"max_lvl_hp":6585,"max_lvl_attack":439,"max_lvl_defense":439,"awakens_from":null,"awakens_to":null,"awaken_cost":[],"source":[],"fusion_food":false,"homunculus":false,"craft_cost":null,"craft_materials":[]},{"id":1482,"url":"https://swarfarm.com/api/v2/monsters/1482/","bestiary_slug":"100556-pure-tower","com2us_id":100556,"family_id":100000,"name":"Tower","image_filename":"unit_icon_0008_0_3.png","element":"Pure","archetype":"none","base_stars":1,"natural_stars":1,"obtainable":false,"can_awaken":false,"awaken_level":0,"awaken_bonus":"","skills":[1911],"skill_ups_to_max":0,"leader_skill":null,"homunculus_skills":[],"base_hp":1200,"base_attack":80,"base_defense":80,"speed":25,"crit_rate":15,"crit_damage":50,"resistance":15,"accuracy":0,"raw_hp":40,"raw_attack":40,"raw_defense":40,"max_lvl_hp":6585,"max_lvl_attack":439,"max_lvl_defense":439,"awakens_from":null,"awakens_to":null,"awaken_cost":[],"source":[],"fusion_food":false,"homunculus":false,"craft_cost":null,"craft_materials":[]},{"id":1483,"url":"https://swarfarm.com/api/v2/monsters/1483/","bestiary_slug":"100656-pure-tower","com2us_id":100656,"family_id":100000,"name":"Tower","image_filename":"unit_icon_0008_0_3.png","element":"Pure","archetype":"none","base_stars":1,"natural_stars":1,"obtainable":false,"can_awaken":false,"awaken_level":0,"awaken_bonus":"","skills":[1903],"skill_ups_to_max":0,"leader_skill":null,"homunculus_skills":[],"base_hp":1200,"base_attack":80,"base_defense":80,"speed":60,"crit_rate":15,"crit_damage":50,"resistance":15,"accuracy":0,"raw_hp":40,"raw_attack":40,"raw_defense":40,"max_lvl_hp":6585,"max_lvl_attack":439,"max_lvl_defense":439,"awakens_from":null,"awakens_to":null,"awaken_cost":[],"source":[],"fusion_food":false,"homunculus":false,"craft_cost":null,"craft_materials":[]},{"id":1484,"url":"https://swarfarm.com/api/v2/monsters/1484/","bestiary_slug":"100756-pure-tower","com2us_id":100756,"family_id":100000,"name":"Tower","image_filename":"unit_icon_0008_0_3.png","element":"Pure","archetype":"none","base_stars":1,"natural_stars":1,"obtainable":false,"can_awaken":false,"awaken_level":0,"awaken_bonus":"","skills":[1900],"skill_ups_to_max":0,"leader_skill":null,"homunculus_skills":[],"base_hp":1200,"base_attack":80,"base_defense":80,"speed":50,"crit_rate":15,"crit_damage":50,"resistance":15,"accuracy":0,"raw_hp":40,"raw_attack":40,"raw_defense":40,"max_lvl_hp":6585,"max_lvl_attack":439,"max_lvl_defense":439,"awakens_from":null,"awakens_to":null,"awaken_cost":[],"source":[],"fusion_food":false,"homunculus":false,"craft_cost":null,"craft_materials":[]},{"id":1485,"url":"https://swarfarm.com/api/v2/monsters/1485/","bestiary_slug":"100856-pure-tower","com2us_id":100856,"family_id":100000,"name":"Tower","image_filename":"unit_icon_0008_0_3.png","element":"Pure","archetype":"none","base_stars":1,"natural_stars":1,"obtainable":false,"can_awaken":false,"awaken_level":0,"awaken_bonus":"","skills":[1906],"skill_ups_to_max":0,"leader_skill":null,"homunculus_skills":[],"base_hp":1200,"base_attack":80,"base_defense":80,"speed":60,"crit_rate":15,"crit_damage":50,"resistance":15,"accuracy":0,"raw_hp":40,"raw_attack":40,"raw_defense":40,"max_lvl_hp":6585,"max_lvl_attack":439,"max_lvl_defense":439,"awakens_from":null,"awakens_to":null,"awaken_cost":[],"source":[],"fusion_food":false,"homunculus":false,"craft_cost":null,"craft_materials":[]},{"id":1486,"url":"https://swarfarm.com/api/v2/monsters/1486/","bestiary_slug":"100956-pure-tower","com2us_id":100956,"family_id":100000,"name":"Tower","image_filename":"unit_icon_0008_0_3.png","element":"Pure","archetype":"none","base_stars":1,"natural_stars":1,"obtainable":false,"can_awaken":false,"awaken_level":0,"awaken_bonus":"","skills":[1909],"skill_ups_to_max":0,"leader_skill":null,"homunculus_skills":[],"base_hp":1200,"base_attack":80,"base_defense":80,"speed":20,"crit_rate":15,"crit_damage":50,"resistance":15,"accuracy":0,"raw_hp":40,"raw_attack":40,"raw_defense":40,"max_lvl_hp":6585,"max_lvl_attack":439,"max_lvl_defense":439,"awakens_from":null,"awakens_to":null,"awaken_cost":[],"source":[],"fusion_food":false,"homunculus":false,"craft_cost":null,"craft_materials":[]},{"id":1487,"url":"https://swarfarm.com/api/v2/monsters/1487/","bestiary_slug":"101056-pure-tower","com2us_id":101056,"family_id":100000,"name":"Tower","image_filename":"unit_icon_0008_0_3.png","element":"Pure","archetype":"none","base_stars":1,"natural_stars":1,"obtainable":false,"can_awaken":false,"awaken_level":0,"awaken_bonus":"","skills":[1912],"skill_ups_to_max":0,"leader_skill":null,"homunculus_skills":[],"base_hp":1200,"base_attack":80,"base_defense":80,"speed":70,"crit_rate":15,"crit_damage":50,"resistance":15,"accuracy":0,"raw_hp":40,"raw_attack":40,"raw_defense":40,"max_lvl_hp":6585,"max_lvl_attack":439,"max_lvl_defense":439,"awakens_from":null,"awakens_to":null,"awaken_cost":[],"source":[],"fusion_food":false,"homunculus":false,"craft_cost":null,"craft_materials":[]},{"id":1488,"url":"https://swarfarm.com/api/v2/monsters/1488/","bestiary_slug":"101156-pure-tower","com2us_id":101156,"family_id":100000,"name":"Tower","image_filename":"unit_icon_0008_0_3.png","element":"Pure","archetype":"none","base_stars":1,"natural_stars":1,"obtainable":false,"can_awaken":false,"awaken_level":0,"awaken_bonus":"","skills":[1904],"skill_ups_to_max":0,"leader_skill":null,"homunculus_skills":[],"base_hp":1200,"base_attack":80,"base_defense":80,"speed":60,"crit_rate":15,"crit_damage":50,"resistance":15,"accuracy":0,"raw_hp":40,"raw_attack":40,"raw_defense":40,"max_lvl_hp":6585,"max_lvl_attack":439,"max_lvl_defense":439,"awakens_from":null,"awakens_to":null,"awaken_cost":[],"source":[],"fusion_food":false,"homunculus":false,"craft_cost":null,"craft_materials":[]},{"id":1489,"url":"https://swarfarm.com/api/v2/monsters/1489/","bestiary_slug":"101256-pure-tower","com2us_id":101256,"family_id":100000,"name":"Tower","image_filename":"unit_icon_0008_0_3.png","element":"Pure","archetype":"none","base_stars":1,"natural_stars":1,"obtainable":false,"can_awaken":false,"awaken_level":0,"awaken_bonus":"","skills":[1901],"skill_ups_to_max":0,"leader_skill":null,"homunculus_skills":[],"base_hp":1200,"base_attack":80,"base_defense":80,"speed":110,"crit_rate":15,"crit_damage":50,"resistance":15,"accuracy":0,"raw_hp":40,"raw_attack":40,"raw_defense":40,"max_lvl_hp":6585,"max_lvl_attack":439,"max_lvl_defense":439,"awakens_from":null,"awakens_to":null,"awaken_cost":[],"source":[],"fusion_food":false,"homunculus":false,"craft_cost":null,"craft_materials":[]},{"id":1490,"url":"https://swarfarm.com/api/v2/monsters/1490/","bestiary_slug":"101356-pure-tower","com2us_id":101356,"family_id":100000,"name":"Tower","image_filename":"unit_icon_0008_0_3.png","element":"Pure","archetype":"none","base_stars":1,"natural_stars":1,"obtainable":false,"can_awaken":false,"awaken_level":0,"awaken_bonus":"","skills":[1907],"skill_ups_to_max":0,"leader_skill":null,"homunculus_skills":[],"base_hp":1200,"base_attack":80,"base_defense":80,"speed":100,"crit_rate":15,"crit_damage":50,"resistance":15,"accuracy":0,"raw_hp":40,"raw_attack":40,"raw_defense":40,"max_lvl_hp":6585,"max_lvl_attack":439,"max_lvl_defense":439,"awakens_from":null,"awakens_to":null,"awaken_cost":[],"source":[],"fusion_food":false,"homunculus":false,"craft_cost":null,"craft_materials":[]},{"id":1491,"url":"https://swarfarm.com/api/v2/monsters/1491/","bestiary_slug":"101456-pure-tower","com2us_id":101456,"family_id":100000,"name":"Tower","image_filename":"unit_icon_0008_0_3.png","element":"Pure","archetype":"none","base_stars":1,"natural_stars":1,"obtainable":false,"can_awaken":false,"awaken_level":0,"awaken_bonus":"","skills":[1910],"skill_ups_to_max":0,"leader_skill":null,"homunculus_skills":[],"base_hp":1200,"base_attack":80,"base_defense":80,"speed":70,"crit_rate":15,"crit_damage":50,"resistance":15,"accuracy":0,"raw_hp":40,"raw_attack":40,"raw_defense":40,"max_lvl_hp":6585,"max_lvl_attack":439,"max_lvl_defense":439,"awakens_from":null,"awakens_to":null,"awaken_cost":[],"source":[],"fusion_food":false,"homunculus":false,"craft_cost":null,"craft_materials":[]},{"id":1492,"url":"https://swarfarm.com/api/v2/monsters/1492/","bestiary_slug":"101556-pure-tower","com2us_id":101556,"family_id":100000,"name":"Tower","image_filename":"unit_icon_0008_0_3.png","element":"Pure","archetype":"none","base_stars":1,"natural_stars":1,"obtainable":false,"can_awaken":false,"awaken_level":0,"awaken_bonus":"","skills":[1913],"skill_ups_to_max":0,"leader_skill":null,"homunculus_skills":[],"base_hp":1200,"base_attack":80,"base_defense":80,"speed":45,"crit_rate":15,"crit_damage":50,"resistance":15,"accuracy":0,"raw_hp":40,"raw_attack":40,"raw_defense":40,"max_lvl_hp":6585,"max_lvl_attack":439,"max_lvl_defense":439,"awakens_from":null,"awakens_to":null,"awaken_cost":[],"source":[],"fusion_food":false,"homunculus":false,"craft_cost":null,"craft_materials":[]},{"id":1493,"url":"https://swarfarm.com/api/v2/monsters/1493/","bestiary_slug":"101656-pure-","com2us_id":101656,"family_id":100000,"name":"타워(어둠) - 전체 충격 수정","image_filename":"unit_icon_0008_0_3.png","element":"Pure","archetype":"none","base_stars":1,"natural_stars":1,"obtainable":false,"can_awaken":false,"awaken_level":0,"awaken_bonus":"","skills":[1914],"skill_ups_to_max":0,"leader_skill":null,"homunculus_skills":[],"base_hp":1200,"base_attack":80,"base_defense":80,"speed":100,"crit_rate":15,"crit_damage":50,"resistance":15,"accuracy":30,"raw_hp":40,"raw_attack":40,"raw_defense":40,"max_lvl_hp":6585,"max_lvl_attack":439,"max_lvl_defense":439,"awakens_from":null,"awakens_to":null,"awaken_cost":[],"source":[],"fusion_food":false,"homunculus":false,"craft_cost":null,"craft_materials":[]},{"id":1494,"url":"https://swarfarm.com/api/v2/monsters/1494/","bestiary_slug":"101756-pure-","com2us_id":101756,"family_id":100000,"name":"타워(어둠) - 공속 게이지","image_filename":"unit_icon_0008_0_3.png","element":"Pure","archetype":"none","base_stars":1,"natural_stars":1,"obtainable":false,"can_awaken":false,"awaken_level":0,"awaken_bonus":"","skills":[1916],"skill_ups_to_max":0,"leader_skill":null,"homunculus_skills":[],"base_hp":1200,"base_attack":80,"base_defense":80,"speed":100,"crit_rate":15,"crit_damage":50,"resistance":15,"accuracy":0,"raw_hp":40,"raw_attack":40,"raw_defense":40,"max_lvl_hp":6585,"max_lvl_attack":439,"max_lvl_defense":439,"awakens_from":null,"awakens_to":null,"awaken_cost":[],"source":[],"fusion_food":false,"homunculus":false,"craft_cost":null,"craft_materials":[]},{"id":1495,"url":"https://swarfarm.com/api/v2/monsters/1495/","bestiary_slug":"110106-pure","com2us_id":110106,"family_id":100000,"name":"시험의탑 타워(왼쪽)","image_filename":"unit_icon_0008_0_3.png","element":"Pure","archetype":"none","base_stars":1,"natural_stars":1,"obtainable":false,"can_awaken":false,"awaken_level":0,"awaken_bonus":"","skills":[1915],"skill_ups_to_max":0,"leader_skill":null,"homunculus_skills":[],"base_hp":1200,"base_attack":80,"base_defense":80,"speed":100,"crit_rate":15,"crit_damage":50,"resistance":15,"accuracy":0,"raw_hp":40,"raw_attack":40,"raw_defense":40,"max_lvl_hp":6585,"max_lvl_attack":439,"max_lvl_defense":439,"awakens_from":null,"awakens_to":null,"awaken_cost":[],"source":[],"fusion_food":false,"homunculus":false,"craft_cost":null,"craft_materials":[]},{"id":1496,"url":"https://swarfarm.com/api/v2/monsters/1496/","bestiary_slug":"110206-pure","com2us_id":110206,"family_id":100000,"name":"시험의탑 타워(오른쪽)","image_filename":"unit_icon_0008_0_3.png","element":"Pure","archetype":"none","base_stars":1,"natural_stars":1,"obtainable":false,"can_awaken":false,"awaken_level":0,"awaken_bonus":"","skills":[1916],"skill_ups_to_max":0,"leader_skill":null,"homunculus_skills":[],"base_hp":1200,"base_attack":80,"base_defense":80,"speed":100,"crit_rate":15,"crit_damage":50,"resistance":15,"accuracy":0,"raw_hp":40,"raw_attack":40,"raw_defense":40,"max_lvl_hp":6585,"max_lvl_attack":439,"max_lvl_defense":439,"awakens_from":null,"awakens_to":null,"awaken_cost":[],"source":[],"fusion_food":false,"homunculus":false,"craft_cost":null,"craft_materials":[]},{"id":1497,"url":"https://swarfarm.com/api/v2/monsters/1497/","bestiary_slug":"120101-water-tower","com2us_id":120101,"family_id":100000,"name":"Tower","image_filename":"unit_icon_0008_0_3.png","element":"Water","archetype":"none","base_stars":1,"natural_stars":1,"obtainable":false,"can_awaken":false,"awaken_level":0,"awaken_bonus":"","skills":[2246],"skill_ups_to_max":0,"leader_skill":null,"homunculus_skills":[],"base_hp":1200,"base_attack":80,"base_defense":80,"speed":110,"crit_rate":15,"crit_damage":50,"resistance":15,"accuracy":0,"raw_hp":40,"raw_attack":40,"raw_defense":40,"max_lvl_hp":6585,"max_lvl_attack":439,"max_lvl_defense":439,"awakens_from":null,"awakens_to":null,"awaken_cost":[],"source":[],"fusion_food":false,"homunculus":false,"craft_cost":null,"craft_materials":[]},{"id":1498,"url":"https://swarfarm.com/api/v2/monsters/1498/","bestiary_slug":"120102-fire-tower","com2us_id":120102,"family_id":100000,"name":"Tower","image_filename":"unit_icon_0008_1_3.png","element":"Fire","archetype":"none","base_stars":1,"natural_stars":1,"obtainable":false,"can_awaken":false,"awaken_level":0,"awaken_bonus":"","skills":[2247],"skill_ups_to_max":0,"leader_skill":null,"homunculus_skills":[],"base_hp":1200,"base_attack":80,"base_defense":80,"speed":110,"crit_rate":15,"crit_damage":50,"resistance":15,"accuracy":0,"raw_hp":40,"raw_attack":40,"raw_defense":40,"max_lvl_hp":6585,"max_lvl_attack":439,"max_lvl_defense":439,"awakens_from":null,"awakens_to":null,"awaken_cost":[],"source":[],"fusion_food":false,"homunculus":false,"craft_cost":null,"craft_materials":[]},{"id":1499,"url":"https://swarfarm.com/api/v2/monsters/1499/","bestiary_slug":"120103-wind-tower","com2us_id":120103,"family_id":100000,"name":"Tower","image_filename":"unit_icon_0008_2_3.png","element":"Wind","archetype":"none","base_stars":1,"natural_stars":1,"obtainable":false,"can_awaken":false,"awaken_level":0,"awaken_bonus":"","skills":[2248],"skill_ups_to_max":0,"leader_skill":null,"homunculus_skills":[],"base_hp":1200,"base_attack":80,"base_defense":80,"speed":110,"crit_rate":15,"crit_damage":50,"resistance":15,"accuracy":0,"raw_hp":40,"raw_attack":40,"raw_defense":40,"max_lvl_hp":6585,"max_lvl_attack":439,"max_lvl_defense":439,"awakens_from":null,"awakens_to":null,"awaken_cost":[],"source":[],"fusion_food":false,"homunculus":false,"craft_cost":null,"craft_materials":[]},{"id":1500,"url":"https://swarfarm.com/api/v2/monsters/1500/","bestiary_slug":"120104-light-tower","com2us_id":120104,"family_id":100000,"name":"Tower","image_filename":"unit_icon_0008_3_3.png","element":"Light","archetype":"none","base_stars":1,"natural_stars":1,"obtainable":false,"can_awaken":false,"awaken_level":0,"awaken_bonus":"","skills":[2249],"skill_ups_to_max":0,"leader_skill":null,"homunculus_skills":[],"base_hp":1200,"base_attack":80,"base_defense":80,"speed":110,"crit_rate":15,"crit_damage":50,"resistance":15,"accuracy":0,"raw_hp":40,"raw_attack":40,"raw_defense":40,"max_lvl_hp":6585,"max_lvl_attack":439,"max_lvl_defense":439,"awakens_from":null,"awakens_to":null,"awaken_cost":[],"source":[],"fusion_food":false,"homunculus":false,"craft_cost":null,"craft_materials":[]},{"id":1501,"url":"https://swarfarm.com/api/v2/monsters/1501/","bestiary_slug":"120105-dark-tower","com2us_id":120105,"family_id":100000,"name":"Tower","image_filename":"unit_icon_0008_4_3.png","element":"Dark","archetype":"none","base_stars":1,"natural_stars":1,"obtainable":false,"can_awaken":false,"awaken_level":0,"awaken_bonus":"","skills":[2250],"skill_ups_to_max":0,"leader_skill":null,"homunculus_skills":[],"base_hp":1200,"base_attack":80,"base_defense":80,"speed":110,"crit_rate":15,"crit_damage":50,"resistance":15,"accuracy":0,"raw_hp":40,"raw_attack":40,"raw_defense":40,"max_lvl_hp":6585,"max_lvl_attack":439,"max_lvl_defense":439,"awakens_from":null,"awakens_to":null,"awaken_cost":[],"source":[],"fusion_food":false,"homunculus":false,"craft_cost":null,"craft_materials":[]},{"id":1502,"url":"https://swarfarm.com/api/v2/monsters/1502/","bestiary_slug":"120111-water-tower","com2us_id":120111,"family_id":100000,"name":"Tower","image_filename":"unit_icon_0008_0_3.png","element":"Water","archetype":"none","base_stars":1,"natural_stars":1,"obtainable":false,"can_awaken":false,"awaken_level":0,"awaken_bonus":"","skills":[2251],"skill_ups_to_max":0,"leader_skill":null,"homunculus_skills":[],"base_hp":1200,"base_attack":80,"base_defense":80,"speed":110,"crit_rate":15,"crit_damage":50,"resistance":15,"accuracy":0,"raw_hp":40,"raw_attack":40,"raw_defense":40,"max_lvl_hp":6585,"max_lvl_attack":439,"max_lvl_defense":439,"awakens_from":null,"awakens_to":null,"awaken_cost":[],"source":[],"fusion_food":false,"homunculus":false,"craft_cost":null,"craft_materials":[]},{"id":1503,"url":"https://swarfarm.com/api/v2/monsters/1503/","bestiary_slug":"120112-fire-tower","com2us_id":120112,"family_id":100000,"name":"Tower","image_filename":"unit_icon_0008_1_3.png","element":"Fire","archetype":"none","base_stars":1,"natural_stars":1,"obtainable":false,"can_awaken":false,"awaken_level":0,"awaken_bonus":"","skills":[2252],"skill_ups_to_max":0,"leader_skill":null,"homunculus_skills":[],"base_hp":1200,"base_attack":80,"base_defense":80,"speed":110,"crit_rate":15,"crit_damage":50,"resistance":15,"accuracy":0,"raw_hp":40,"raw_attack":40,"raw_defense":40,"max_lvl_hp":6585,"max_lvl_attack":439,"max_lvl_defense":439,"awakens_from":null,"awakens_to":null,"awaken_cost":[],"source":[],"fusion_food":false,"homunculus":false,"craft_cost":null,"craft_materials":[]},{"id":1504,"url":"https://swarfarm.com/api/v2/monsters/1504/","bestiary_slug":"120113-wind-tower","com2us_id":120113,"family_id":100000,"name":"Tower","image_filename":"unit_icon_0008_2_3.png","element":"Wind","archetype":"none","base_stars":1,"natural_stars":1,"obtainable":false,"can_awaken":false,"awaken_level":0,"awaken_bonus":"","skills":[2253],"skill_ups_to_max":0,"leader_skill":null,"homunculus_skills":[],"base_hp":1200,"base_attack":80,"base_defense":80,"speed":110,"crit_rate":15,"crit_damage":50,"resistance":15,"accuracy":0,"raw_hp":40,"raw_attack":40,"raw_defense":40,"max_lvl_hp":6585,"max_lvl_attack":439,"max_lvl_defense":439,"awakens_from":null,"awakens_to":null,"awaken_cost":[],"source":[],"fusion_food":false,"homunculus":false,"craft_cost":null,"craft_materials":[]},{"id":1505,"url":"https://swarfarm.com/api/v2/monsters/1505/","bestiary_slug":"120114-light-tower","com2us_id":120114,"family_id":100000,"name":"Tower","image_filename":"unit_icon_0008_3_3.png","element":"Light","archetype":"none","base_stars":1,"natural_stars":1,"obtainable":false,"can_awaken":false,"awaken_level":0,"awaken_bonus":"","skills":[2254],"skill_ups_to_max":0,"leader_skill":null,"homunculus_skills":[],"base_hp":1200,"base_attack":80,"base_defense":80,"speed":110,"crit_rate":15,"crit_damage":50,"resistance":15,"accuracy":0,"raw_hp":40,"raw_attack":40,"raw_defense":40,"max_lvl_hp":6585,"max_lvl_attack":439,"max_lvl_defense":439,"awakens_from":null,"awakens_to":null,"awaken_cost":[],"source":[],"fusion_food":false,"homunculus":false,"craft_cost":null,"craft_materials":[]},{"id":1506,"url":"https://swarfarm.com/api/v2/monsters/1506/","bestiary_slug":"120115-dark-tower","com2us_id":120115,"family_id":100000,"name":"Tower","image_filename":"unit_icon_0008_4_3.png","element":"Dark","archetype":"none","base_stars":1,"natural_stars":1,"obtainable":false,"can_awaken":false,"awaken_level":0,"awaken_bonus":"","skills":[2255],"skill_ups_to_max":0,"leader_skill":null,"homunculus_skills":[],"base_hp":1200,"base_attack":80,"base_defense":80,"speed":110,"crit_rate":15,"crit_damage":50,"resistance":15,"accuracy":0,"raw_hp":40,"raw_attack":40,"raw_defense":40,"max_lvl_hp":6585,"max_lvl_attack":439,"max_lvl_defense":439,"awakens_from":null,"awakens_to":null,"awaken_cost":[],"source":[],"fusion_food":false,"homunculus":false,"craft_cost":null,"craft_materials":[]},{"id":1507,"url":"https://swarfarm.com/api/v2/monsters/1507/","bestiary_slug":"120201-water-tower","com2us_id":120201,"family_id":100000,"name":"Tower","image_filename":"unit_icon_0008_0_3.png","element":"Water","archetype":"none","base_stars":1,"natural_stars":1,"obtainable":false,"can_awaken":false,"awaken_level":0,"awaken_bonus":"","skills":[2256],"skill_ups_to_max":0,"leader_skill":null,"homunculus_skills":[],"base_hp":1200,"base_attack":80,"base_defense":80,"speed":110,"crit_rate":15,"crit_damage":50,"resistance":15,"accuracy":0,"raw_hp":40,"raw_attack":40,"raw_defense":40,"max_lvl_hp":6585,"max_lvl_attack":439,"max_lvl_defense":439,"awakens_from":null,"awakens_to":null,"awaken_cost":[],"source":[],"fusion_food":false,"homunculus":false,"craft_cost":null,"craft_materials":[]},{"id":1508,"url":"https://swarfarm.com/api/v2/monsters/1508/","bestiary_slug":"120202-fire-tower","com2us_id":120202,"family_id":100000,"name":"Tower","image_filename":"unit_icon_0008_1_3.png","element":"Fire","archetype":"none","base_stars":1,"natural_stars":1,"obtainable":false,"can_awaken":false,"awaken_level":0,"awaken_bonus":"","skills":[2257],"skill_ups_to_max":0,"leader_skill":null,"homunculus_skills":[],"base_hp":1200,"base_attack":80,"base_defense":80,"speed":110,"crit_rate":15,"crit_damage":50,"resistance":15,"accuracy":0,"raw_hp":40,"raw_attack":40,"raw_defense":40,"max_lvl_hp":6585,"max_lvl_attack":439,"max_lvl_defense":439,"awakens_from":null,"awakens_to":null,"awaken_cost":[],"source":[],"fusion_food":false,"homunculus":false,"craft_cost":null,"craft_materials":[]},{"id":1509,"url":"https://swarfarm.com/api/v2/monsters/1509/","bestiary_slug":"120203-wind-tower","com2us_id":120203,"family_id":100000,"name":"Tower","image_filename":"unit_icon_0008_2_3.png","element":"Wind","archetype":"none","base_stars":1,"natural_stars":1,"obtainable":false,"can_awaken":false,"awaken_level":0,"awaken_bonus":"","skills":[2258],"skill_ups_to_max":0,"leader_skill":null,"homunculus_skills":[],"base_hp":1200,"base_attack":80,"base_defense":80,"speed":110,"crit_rate":15,"crit_damage":50,"resistance":15,"accuracy":0,"raw_hp":40,"raw_attack":40,"raw_defense":40,"max_lvl_hp":6585,"max_lvl_attack":439,"max_lvl_defense":439,"awakens_from":null,"awakens_to":null,"awaken_cost":[],"source":[],"fusion_food":false,"homunculus":false,"craft_cost":null,"craft_materials":[]},{"id":1510,"url":"https://swarfarm.com/api/v2/monsters/1510/","bestiary_slug":"120204-light-tower","com2us_id":120204,"family_id":100000,"name":"Tower","image_filename":"unit_icon_0008_3_3.png","element":"Light","archetype":"none","base_stars":1,"natural_stars":1,"obtainable":false,"can_awaken":false,"awaken_level":0,"awaken_bonus":"","skills":[2259],"skill_ups_to_max":0,"leader_skill":null,"homunculus_skills":[],"base_hp":1200,"base_attack":80,"base_defense":80,"speed":110,"crit_rate":15,"crit_damage":50,"resistance":15,"accuracy":0,"raw_hp":40,"raw_attack":40,"raw_defense":40,"max_lvl_hp":6585,"max_lvl_attack":439,"max_lvl_defense":439,"awakens_from":null,"awakens_to":null,"awaken_cost":[],"source":[],"fusion_food":false,"homunculus":false,"craft_cost":null,"craft_materials":[]},{"id":1511,"url":"https://swarfarm.com/api/v2/monsters/1511/","bestiary_slug":"120205-dark-tower","com2us_id":120205,"family_id":100000,"name":"Tower","image_filename":"unit_icon_0008_4_3.png","element":"Dark","archetype":"none","base_stars":1,"natural_stars":1,"obtainable":false,"can_awaken":false,"awaken_level":0,"awaken_bonus":"","skills":[2260],"skill_ups_to_max":0,"leader_skill":null,"homunculus_skills":[],"base_hp":1200,"base_attack":80,"base_defense":80,"speed":110,"crit_rate":15,"crit_damage":50,"resistance":15,"accuracy":0,"raw_hp":40,"raw_attack":40,"raw_defense":40,"max_lvl_hp":6585,"max_lvl_attack":439,"max_lvl_defense":439,"awakens_from":null,"awakens_to":null,"awaken_cost":[],"source":[],"fusion_food":false,"homunculus":false,"craft_cost":null,"craft_materials":[]},{"id":1512,"url":"https://swarfarm.com/api/v2/monsters/1512/","bestiary_slug":"120211-water-tower","com2us_id":120211,"family_id":100000,"name":"Tower","image_filename":"unit_icon_0008_0_3.png","element":"Water","archetype":"none","base_stars":1,"natural_stars":1,"obtainable":false,"can_awaken":false,"awaken_level":0,"awaken_bonus":"","skills":[2261],"skill_ups_to_max":0,"leader_skill":null,"homunculus_skills":[],"base_hp":1200,"base_attack":80,"base_defense":80,"speed":110,"crit_rate":15,"crit_damage":50,"resistance":15,"accuracy":0,"raw_hp":40,"raw_attack":40,"raw_defense":40,"max_lvl_hp":6585,"max_lvl_attack":439,"max_lvl_defense":439,"awakens_from":null,"awakens_to":null,"awaken_cost":[],"source":[],"fusion_food":false,"homunculus":false,"craft_cost":null,"craft_materials":[]},{"id":1513,"url":"https://swarfarm.com/api/v2/monsters/1513/","bestiary_slug":"120212-fire-tower","com2us_id":120212,"family_id":100000,"name":"Tower","image_filename":"unit_icon_0008_1_3.png","element":"Fire","archetype":"none","base_stars":1,"natural_stars":1,"obtainable":false,"can_awaken":false,"awaken_level":0,"awaken_bonus":"","skills":[2262],"skill_ups_to_max":0,"leader_skill":null,"homunculus_skills":[],"base_hp":1200,"base_attack":80,"base_defense":80,"speed":110,"crit_rate":15,"crit_damage":50,"resistance":15,"accuracy":0,"raw_hp":40,"raw_attack":40,"raw_defense":40,"max_lvl_hp":6585,"max_lvl_attack":439,"max_lvl_defense":439,"awakens_from":null,"awakens_to":null,"awaken_cost":[],"source":[],"fusion_food":false,"homunculus":false,"craft_cost":null,"craft_materials":[]},{"id":1514,"url":"https://swarfarm.com/api/v2/monsters/1514/","bestiary_slug":"120213-wind-tower","com2us_id":120213,"family_id":100000,"name":"Tower","image_filename":"unit_icon_0008_2_3.png","element":"Wind","archetype":"none","base_stars":1,"natural_stars":1,"obtainable":false,"can_awaken":false,"awaken_level":0,"awaken_bonus":"","skills":[2263],"skill_ups_to_max":0,"leader_skill":null,"homunculus_skills":[],"base_hp":1200,"base_attack":80,"base_defense":80,"speed":110,"crit_rate":15,"crit_damage":50,"resistance":15,"accuracy":0,"raw_hp":40,"raw_attack":40,"raw_defense":40,"max_lvl_hp":6585,"max_lvl_attack":439,"max_lvl_defense":439,"awakens_from":null,"awakens_to":null,"awaken_cost":[],"source":[],"fusion_food":false,"homunculus":false,"craft_cost":null,"craft_materials":[]},{"id":1515,"url":"https://swarfarm.com/api/v2/monsters/1515/","bestiary_slug":"120214-light-tower","com2us_id":120214,"family_id":100000,"name":"Tower","image_filename":"unit_icon_0008_3_3.png","element":"Light","archetype":"none","base_stars":1,"natural_stars":1,"obtainable":false,"can_awaken":false,"awaken_level":0,"awaken_bonus":"","skills":[2264],"skill_ups_to_max":0,"leader_skill":null,"homunculus_skills":[],"base_hp":1200,"base_attack":80,"base_defense":80,"speed":110,"crit_rate":15,"crit_damage":50,"resistance":15,"accuracy":0,"raw_hp":40,"raw_attack":40,"raw_defense":40,"max_lvl_hp":6585,"max_lvl_attack":439,"max_lvl_defense":439,"awakens_from":null,"awakens_to":null,"awaken_cost":[],"source":[],"fusion_food":false,"homunculus":false,"craft_cost":null,"craft_materials":[]}]}